-- Import data for DucToanRestaurant

-- vaitro (3 rows)
INSERT INTO public.vaitro (mavaitro, tenvaitro, mota) VALUES ('2', 'THU_NGAN', 'Thu ngân tại quầy') ON CONFLICT DO NOTHING;
INSERT INTO public.vaitro (mavaitro, tenvaitro, mota) VALUES ('3', 'BEP', 'Nhân viên bếp') ON CONFLICT DO NOTHING;
INSERT INTO public.vaitro (mavaitro, tenvaitro, mota) VALUES ('1', 'QUAN_LY', 'Quản lý nhà hàng') ON CONFLICT DO NOTHING;

-- restaurant (3 rows)
INSERT INTO public.restaurant (id_restaurant, ten, sdt, diachi, mota, status, parent_id, bank_id, account_no, template, account_name, content, img) VALUES ('1', 'Nhà hàng Trung Tâm', '0901234567', '123 Quận 1', 'Chi nhánh chính', 'Hoạt động', NULL, 'BIDV', '6868686868688', 'compact', 'NGUYEN DUC TOAN', 'thanh toán', 'restaurant1.jpg') ON CONFLICT DO NOTHING;
INSERT INTO public.restaurant (id_restaurant, ten, sdt, diachi, mota, status, parent_id, bank_id, account_no, template, account_name, content, img) VALUES ('2', 'Nhà hàng Chi Nhánh 2', '0909876543', '456 Quận 5', 'Chi nhánh 2', 'Hoạt động', NULL, 'MB', '6868686868688', 'compact', 'NGUYEN DUC TOAN', 'thanh toán', 'restaurant2.jpg') ON CONFLICT DO NOTHING;
INSERT INTO public.restaurant (id_restaurant, ten, sdt, diachi, mota, status, parent_id, bank_id, account_no, template, account_name, content, img) VALUES ('3', 'Nhà hàng Chi Nhánh 1', '0909090922', '35, Tu Hoàng, Xã Xuân Phương, Huyện Nam Từ Liêm, Hà Nội', 'Chi Nhánh 1', 'Hoạt động', '1', 'MB', '6868686868688', 'compact', 'NGUYEN DUC TOAN', 'thanh toan', 'restaurant3.jpg') ON CONFLICT DO NOTHING;

-- thanhtoan (2 rows)
INSERT INTO public.thanhtoan (id_thanhtoan, kieuthanhtoan) VALUES ('1', 'Tiền mặt') ON CONFLICT DO NOTHING;
INSERT INTO public.thanhtoan (id_thanhtoan, kieuthanhtoan) VALUES ('2', 'Chuyển khoản') ON CONFLICT DO NOTHING;

-- danhmuc (4 rows)
INSERT INTO public.danhmuc (madanhmuc, tendanhmuc, anh, trangthai) VALUES ('1', 'Đồ uống', 'douong.png', 'Hiện') ON CONFLICT DO NOTHING;
INSERT INTO public.danhmuc (madanhmuc, tendanhmuc, anh, trangthai) VALUES ('2', 'Đồ ăn nhanh', 'doan.png', 'Hiện') ON CONFLICT DO NOTHING;
INSERT INTO public.danhmuc (madanhmuc, tendanhmuc, anh, trangthai) VALUES ('3', 'Món chính', 'monchinh.png', 'Hiện') ON CONFLICT DO NOTHING;
INSERT INTO public.danhmuc (madanhmuc, tendanhmuc, anh, trangthai) VALUES ('4', 'Món tráng miệng', 'trangmieng.png', 'Hiện') ON CONFLICT DO NOTHING;

-- giamgia (2 rows)
INSERT INTO public.giamgia (id_giamgia, code, giatri, mota) VALUES ('1', 'SALE10', '10', 'Giảm 10%') ON CONFLICT DO NOTHING;
INSERT INTO public.giamgia (id_giamgia, code, giatri, mota) VALUES ('2', 'SALE20', '20', 'Giảm 20%') ON CONFLICT DO NOTHING;

-- khachhang (13 rows)
INSERT INTO public.khachhang (mataikhoan, matkhau, email, sdt, hoten, avatar, diachi, number_log, first_log, diemtichluy, id_restaurant, trangthai, firebase_uid) VALUES ('66', '$2a$10$DQJDd90aXLBCwyNSEyT.XOJlilghS/WarFW197.FAw7inEAuqG5bC', 'nguyenvanbcheck123@gmail.com', '0987654321', 'Nguyễn Văn B', NULL, '456 Đường ABC, Quận 4, TP. HCM', NULL, NULL, NULL, NULL, NULL, NULL) ON CONFLICT DO NOTHING;
INSERT INTO public.khachhang (mataikhoan, matkhau, email, sdt, hoten, avatar, diachi, number_log, first_log, diemtichluy, id_restaurant, trangthai, firebase_uid) VALUES ('1', '$2a$10$DQJDd90aXLBCwyNSEyT.XOJlilghS/WarFW197.FAw7inEAuqG5bC', 'a@gmail.com', '0912123456', 'Nguyễn Văn A', 'nguyenvana.png', 'Quận 3', '0', NULL, NULL, NULL, NULL, NULL) ON CONFLICT DO NOTHING;
INSERT INTO public.khachhang (mataikhoan, matkhau, email, sdt, hoten, avatar, diachi, number_log, first_log, diemtichluy, id_restaurant, trangthai, firebase_uid) VALUES ('2', '$2a$10$DQJDd90aXLBCwyNSEyT.XOJlilghS/WarFW197.FAw7inEAuqG5bC', 'b@gmail.com', '0922123456', 'Trần Thị B', NULL, 'Quận 1', '0', NULL, NULL, NULL, NULL, NULL) ON CONFLICT DO NOTHING;
INSERT INTO public.khachhang (mataikhoan, matkhau, email, sdt, hoten, avatar, diachi, number_log, first_log, diemtichluy, id_restaurant, trangthai, firebase_uid) VALUES ('3', '$2a$10$DQJDd90aXLBCwyNSEyT.XOJlilghS/WarFW197.FAw7inEAuqG5bC', 'c@gmail.com', '0912345678', 'nguyen van c', NULL, NULL, '0', '2025-12-16 00:00:00', NULL, NULL, NULL, NULL) ON CONFLICT DO NOTHING;
INSERT INTO public.khachhang (mataikhoan, matkhau, email, sdt, hoten, avatar, diachi, number_log, first_log, diemtichluy, id_restaurant, trangthai, firebase_uid) VALUES ('4', '$2a$10$DQJDd90aXLBCwyNSEyT.XOJlilghS/WarFW197.FAw7inEAuqG5bC', 'd@gmail.com', '0913345678', 'nguyen van d', NULL, NULL, '0', '2025-12-16 00:00:00', NULL, NULL, NULL, NULL) ON CONFLICT DO NOTHING;
INSERT INTO public.khachhang (mataikhoan, matkhau, email, sdt, hoten, avatar, diachi, number_log, first_log, diemtichluy, id_restaurant, trangthai, firebase_uid) VALUES ('6', '$2a$10$DQJDd90aXLBCwyNSEyT.XOJlilghS/WarFW197.FAw7inEAuqG5bC', 'e@gmail.com', '0398343124', 'd', NULL, NULL, '0', '2025-12-16 00:00:00', NULL, NULL, NULL, NULL) ON CONFLICT DO NOTHING;
INSERT INTO public.khachhang (mataikhoan, matkhau, email, sdt, hoten, avatar, diachi, number_log, first_log, diemtichluy, id_restaurant, trangthai, firebase_uid) VALUES ('7', '$2a$10$DQJDd90aXLBCwyNSEyT.XOJlilghS/WarFW197.FAw7inEAuqG5bC', '1@gmail.com', '0387343124', 'a', NULL, NULL, '0', '2025-12-16 00:00:00', NULL, NULL, NULL, NULL) ON CONFLICT DO NOTHING;
INSERT INTO public.khachhang (mataikhoan, matkhau, email, sdt, hoten, avatar, diachi, number_log, first_log, diemtichluy, id_restaurant, trangthai, firebase_uid) VALUES ('8', '$2a$10$DQJDd90aXLBCwyNSEyT.XOJlilghS/WarFW197.FAw7inEAuqG5bC', 'f@gmail.com', '0923456799', 'nguyen van f', NULL, NULL, '0', '2025-12-17 00:00:00', NULL, NULL, NULL, NULL) ON CONFLICT DO NOTHING;
INSERT INTO public.khachhang (mataikhoan, matkhau, email, sdt, hoten, avatar, diachi, number_log, first_log, diemtichluy, id_restaurant, trangthai, firebase_uid) VALUES ('9', '$2a$10$DQJDd90aXLBCwyNSEyT.XOJlilghS/WarFW197.FAw7inEAuqG5bC', 'h@gmail.com', '0923456789', 'h', NULL, NULL, '0', '2025-12-17 00:00:00', NULL, NULL, NULL, NULL) ON CONFLICT DO NOTHING;
INSERT INTO public.khachhang (mataikhoan, matkhau, email, sdt, hoten, avatar, diachi, number_log, first_log, diemtichluy, id_restaurant, trangthai, firebase_uid) VALUES ('61', '$2a$10$DQJDd90aXLBCwyNSEyT.XOJlilghS/WarFW197.FAw7inEAuqG5bC', '1234@gmail.com', '0967645656', 'nguyen 1234', NULL, NULL, '0', NULL, NULL, NULL, NULL, NULL) ON CONFLICT DO NOTHING;
INSERT INTO public.khachhang (mataikhoan, matkhau, email, sdt, hoten, avatar, diachi, number_log, first_log, diemtichluy, id_restaurant, trangthai, firebase_uid) VALUES ('62', '$2a$10$DQJDd90aXLBCwyNSEyT.XOJlilghS/WarFW197.FAw7inEAuqG5bC', 'toan2121@gmail.com', '0987654329', 'toan2121', NULL, NULL, NULL, NULL, NULL, NULL, NULL, NULL) ON CONFLICT DO NOTHING;
INSERT INTO public.khachhang (mataikhoan, matkhau, email, sdt, hoten, avatar, diachi, number_log, first_log, diemtichluy, id_restaurant, trangthai, firebase_uid) VALUES ('69', '$2a$10$NKXjcJDPsN2x4G2.bA7aKuQFltvIxsQNw3XRef8GlWSm4t3HYVGi2', 'eeeeemailcuaban@gmail.com', '0837643762', 'dev1222', NULL, '', NULL, NULL, NULL, NULL, NULL, NULL) ON CONFLICT DO NOTHING;
INSERT INTO public.khachhang (mataikhoan, matkhau, email, sdt, hoten, avatar, diachi, number_log, first_log, diemtichluy, id_restaurant, trangthai, firebase_uid) VALUES ('70', '$2a$10$lrOxKdq5.Zk.pVCgxzr8D.jSm4vr6mrVpGhBcO99S6CY5PunNlv/u', '0987467283@default.com', '0987467283', 'toannnnn', NULL, NULL, NULL, NULL, NULL, NULL, NULL, NULL) ON CONFLICT DO NOTHING;

-- nhanvien (10 rows)
INSERT INTO public.nhanvien (manhanvien, id_restaurant, mavaitro, tennhanvien, email, password, mota, number_log, first_log, trangthai) VALUES ('9', '1', '1', 'Hoàng Văn I', 'hvi@gmail.com', '$2a$10$DQJDd90aXLBCwyNSEyT.XOJlilghS/WarFW197.FAw7inEAuqG5bC', 'Quản lý', '11', '2023-12-18', 't') ON CONFLICT DO NOTHING;
INSERT INTO public.nhanvien (manhanvien, id_restaurant, mavaitro, tennhanvien, email, password, mota, number_log, first_log, trangthai) VALUES ('1', '1', '1', 'Nguyễn Thị q', 'ntq@gmail.com', '$2a$10$DQJDd90aXLBCwyNSEyT.XOJlilghS/WarFW197.FAw7inEAuqG5bC', 'Thu ngân', '1', '2023-12-19', 't') ON CONFLICT DO NOTHING;
INSERT INTO public.nhanvien (manhanvien, id_restaurant, mavaitro, tennhanvien, email, password, mota, number_log, first_log, trangthai) VALUES ('2', '1', '2', 'Trần Văn Y', 'tvy@gmail.com', '$2a$10$DQJDd90aXLBCwyNSEyT.XOJlilghS/WarFW197.FAw7inEAuqG5bC', 'Phục vụ', '1', '2023-12-19', 't') ON CONFLICT DO NOTHING;
INSERT INTO public.nhanvien (manhanvien, id_restaurant, mavaitro, tennhanvien, email, password, mota, number_log, first_log, trangthai) VALUES ('4', '1', '2', 'Hoàng Văn F', 'hvf@gmail.com', '$2a$10$DQJDd90aXLBCwyNSEyT.XOJlilghS/WarFW197.FAw7inEAuqG5bC', 'Phục vụ', '11', '2023-12-18', 't') ON CONFLICT DO NOTHING;
INSERT INTO public.nhanvien (manhanvien, id_restaurant, mavaitro, tennhanvien, email, password, mota, number_log, first_log, trangthai) VALUES ('5', '1', '2', 'Hoàng Văn J', 'hvj@gmail.com', '$2a$10$DQJDd90aXLBCwyNSEyT.XOJlilghS/WarFW197.FAw7inEAuqG5bC', 'Phục Vụ', '11', '2023-12-18', 't') ON CONFLICT DO NOTHING;
INSERT INTO public.nhanvien (manhanvien, id_restaurant, mavaitro, tennhanvien, email, password, mota, number_log, first_log, trangthai) VALUES ('8', '1', '1', 'Trần Văn H', 'tvh@gmail.com', '$2a$10$DQJDd90aXLBCwyNSEyT.XOJlilghS/WarFW197.FAw7inEAuqG5bC', 'Phục vụ', '1', '2023-12-19', 't') ON CONFLICT DO NOTHING;
INSERT INTO public.nhanvien (manhanvien, id_restaurant, mavaitro, tennhanvien, email, password, mota, number_log, first_log, trangthai) VALUES ('10', '1', '3', 'nhan vien bep a', 'bep@gmail.com', '$2a$10$DQJDd90aXLBCwyNSEyT.XOJlilghS/WarFW197.FAw7inEAuqG5bC', 'Nhan vien bep', '1', '2023-12-19', 't') ON CONFLICT DO NOTHING;
INSERT INTO public.nhanvien (manhanvien, id_restaurant, mavaitro, tennhanvien, email, password, mota, number_log, first_log, trangthai) VALUES ('7', '1', '2', 'Nguyễn Thị G', 'ntg@gmail.com', '$2a$10$slCcZISm6OShXhhuaDZWOOo6egMGs5llXyTF2sjOy1uF8N2//nY5O', NULL, NULL, NULL, 't') ON CONFLICT DO NOTHING;
INSERT INTO public.nhanvien (manhanvien, id_restaurant, mavaitro, tennhanvien, email, password, mota, number_log, first_log, trangthai) VALUES ('3', '1', '2', 'Hoàng Văn E', 'hve@gmail.com', '$2a$10$OLc6pvUZJmtqnFnj1KOCNOyAxr441ziSIsvs9fxQM2pJRD9IwFgi2', NULL, NULL, NULL, 't') ON CONFLICT DO NOTHING;
INSERT INTO public.nhanvien (manhanvien, id_restaurant, mavaitro, tennhanvien, email, password, mota, number_log, first_log, trangthai) VALUES ('6', '1', '3', 'Hoàng Văn K', 'hvk@gmail.com', '$2a$10$e3BIh9a1HzcEBRBmBCMzaOj5K0TyVqe7ErRDq/osNv4c70oEczguK', NULL, NULL, NULL, 't') ON CONFLICT DO NOTHING;

-- sanpham (22 rows)
INSERT INTO public.sanpham (masanpham, madanhmuc, tensanpham, mota, gia) VALUES ('3', '2', 'Hamburger bò', 'Bánh hamburger', '45000') ON CONFLICT DO NOTHING;
INSERT INTO public.sanpham (masanpham, madanhmuc, tensanpham, mota, gia) VALUES ('5', '2', 'Gà rán', 'Gà rán giòn', '35000') ON CONFLICT DO NOTHING;
INSERT INTO public.sanpham (masanpham, madanhmuc, tensanpham, mota, gia) VALUES ('7', '1', 'Trà sữa Thái xanh', 'Trà sữa vị thái xanh thơm mát', '32000') ON CONFLICT DO NOTHING;
INSERT INTO public.sanpham (masanpham, madanhmuc, tensanpham, mota, gia) VALUES ('8', '1', 'Hồng trà sữa', 'Trà sữa truyền thống đậm vị trà', '28000') ON CONFLICT DO NOTHING;
INSERT INTO public.sanpham (masanpham, madanhmuc, tensanpham, mota, gia) VALUES ('9', '2', 'Pizza Hải sản', 'Pizza nhân tôm, mực, thanh cua', '125000') ON CONFLICT DO NOTHING;
INSERT INTO public.sanpham (masanpham, madanhmuc, tensanpham, mota, gia) VALUES ('10', '3', 'Mì Ý Sốt Bò Bằm', 'Mì Ý sốt cà chua và thịt bò bằm', '55000') ON CONFLICT DO NOTHING;
INSERT INTO public.sanpham (masanpham, madanhmuc, tensanpham, mota, gia) VALUES ('11', '1', 'Nước ép Cam', 'Cam tươi nguyên chất 100%', '35000') ON CONFLICT DO NOTHING;
INSERT INTO public.sanpham (masanpham, madanhmuc, tensanpham, mota, gia) VALUES ('12', '3', 'Gà sốt Cay Hàn Quốc', 'Gà chiên giòn sốt cay ngọt', '45000') ON CONFLICT DO NOTHING;
INSERT INTO public.sanpham (masanpham, madanhmuc, tensanpham, mota, gia) VALUES ('13', '1', 'Sinh tố Bơ', 'Bơ sáp xay cùng sữa đặc', '40000') ON CONFLICT DO NOTHING;
INSERT INTO public.sanpham (masanpham, madanhmuc, tensanpham, mota, gia) VALUES ('14', '2', 'Khoai tây múi cau', 'Khoai tây cắt múi cau chiên giòn', '25000') ON CONFLICT DO NOTHING;
INSERT INTO public.sanpham (masanpham, madanhmuc, tensanpham, mota, gia) VALUES ('15', '1', 'Trà đào cam sả', 'Trà đào kết hợp cam và sả tươi', '38000') ON CONFLICT DO NOTHING;
INSERT INTO public.sanpham (masanpham, madanhmuc, tensanpham, mota, gia) VALUES ('16', '3', 'Salad Ức Gà', 'Salad rau củ kèm ức gà áp chảo', '48000') ON CONFLICT DO NOTHING;
INSERT INTO public.sanpham (masanpham, madanhmuc, tensanpham, mota, gia) VALUES ('17', '4', 'Chè khúc bạch', 'Chè khúc bạch trân châu đường đen', '25000') ON CONFLICT DO NOTHING;
INSERT INTO public.sanpham (masanpham, madanhmuc, tensanpham, mota, gia) VALUES ('18', '4', 'Bánh Flan', 'Bánh Flan cốt dừa thơm béo', '15000') ON CONFLICT DO NOTHING;
INSERT INTO public.sanpham (masanpham, madanhmuc, tensanpham, mota, gia) VALUES ('20', '4', 'Sữa chua dẻo', 'Sữa chua dẻo xắt miếng kèm bột ca cao', '30000') ON CONFLICT DO NOTHING;
INSERT INTO public.sanpham (masanpham, madanhmuc, tensanpham, mota, gia) VALUES ('21', '4', 'Kem bơ Đà Lạt', 'Bơ sáp xay nhuyễn kèm kem vani viên', '45000') ON CONFLICT DO NOTHING;
INSERT INTO public.sanpham (masanpham, madanhmuc, tensanpham, mota, gia) VALUES ('22', '3', 'Phở bò Nam Định', 'Phở bò đặc sản nổi tiếng Nam Định', '50000') ON CONFLICT DO NOTHING;
INSERT INTO public.sanpham (masanpham, madanhmuc, tensanpham, mota, gia) VALUES ('23', '3', 'Phở bò Lý Thái Tổ', 'Phở bò tái chín', '65000') ON CONFLICT DO NOTHING;
INSERT INTO public.sanpham (masanpham, madanhmuc, tensanpham, mota, gia) VALUES ('1', '1', 'Trà sữa trân châu đường đen', 'Thức uống ngọt, trân châu đường đen', '25000') ON CONFLICT DO NOTHING;
INSERT INTO public.sanpham (masanpham, madanhmuc, tensanpham, mota, gia) VALUES ('24', '1', 'Ca-fe đen', 'ca-fe đen đá ít đường', '25000') ON CONFLICT DO NOTHING;
INSERT INTO public.sanpham (masanpham, madanhmuc, tensanpham, mota, gia) VALUES ('4', '2', 'Khoai tây chiên', 'Khoai tây chiên giòn', '20000') ON CONFLICT DO NOTHING;
INSERT INTO public.sanpham (masanpham, madanhmuc, tensanpham, mota, gia) VALUES ('25', '3', 'Cơm rang dưa bò', 'Cơm rang dưa bò ngon nhức nách', '35000') ON CONFLICT DO NOTHING;

-- ban (15 rows)
INSERT INTO public.ban (maban, id_restaurant, tenban, succhua, trangthai) VALUES ('2', '1', 'Bàn 2', '2', 'f') ON CONFLICT DO NOTHING;
INSERT INTO public.ban (maban, id_restaurant, tenban, succhua, trangthai) VALUES ('6', '1', 'Bàn 6', '10', 'f') ON CONFLICT DO NOTHING;
INSERT INTO public.ban (maban, id_restaurant, tenban, succhua, trangthai) VALUES ('7', '1', 'Bàn 7', '10', 'f') ON CONFLICT DO NOTHING;
INSERT INTO public.ban (maban, id_restaurant, tenban, succhua, trangthai) VALUES ('8', '1', 'Bàn 8', '6', 't') ON CONFLICT DO NOTHING;
INSERT INTO public.ban (maban, id_restaurant, tenban, succhua, trangthai) VALUES ('9', '1', 'Bàn 9', '2', 'f') ON CONFLICT DO NOTHING;
INSERT INTO public.ban (maban, id_restaurant, tenban, succhua, trangthai) VALUES ('10', '1', 'Bàn 10', '2', 'f') ON CONFLICT DO NOTHING;
INSERT INTO public.ban (maban, id_restaurant, tenban, succhua, trangthai) VALUES ('11', '1', 'Bàn 11', '10', 'f') ON CONFLICT DO NOTHING;
INSERT INTO public.ban (maban, id_restaurant, tenban, succhua, trangthai) VALUES ('1', '1', 'Bàn 1', '6', 't') ON CONFLICT DO NOTHING;
INSERT INTO public.ban (maban, id_restaurant, tenban, succhua, trangthai) VALUES ('4', '1', 'Bàn 4', '6', 'f') ON CONFLICT DO NOTHING;
INSERT INTO public.ban (maban, id_restaurant, tenban, succhua, trangthai) VALUES ('12', '1', 'bàn 12', '10', 'f') ON CONFLICT DO NOTHING;
INSERT INTO public.ban (maban, id_restaurant, tenban, succhua, trangthai) VALUES ('13', '1', 'Bàn 13', '8', 't') ON CONFLICT DO NOTHING;
INSERT INTO public.ban (maban, id_restaurant, tenban, succhua, trangthai) VALUES ('14', '1', 'bàn 14', '10', 'f') ON CONFLICT DO NOTHING;
INSERT INTO public.ban (maban, id_restaurant, tenban, succhua, trangthai) VALUES ('15', '1', 'Bàn 15', '4', 'f') ON CONFLICT DO NOTHING;
INSERT INTO public.ban (maban, id_restaurant, tenban, succhua, trangthai) VALUES ('5', '1', 'Bàn 5', '8', 'f') ON CONFLICT DO NOTHING;
INSERT INTO public.ban (maban, id_restaurant, tenban, succhua, trangthai) VALUES ('3', '1', 'Bàn 3', '2', 'f') ON CONFLICT DO NOTHING;

-- nguyenlieu (47 rows)
INSERT INTO public.nguyenlieu (manguyenlieu, id_restaurant, tennguyenlieu, donvitinh, mota, xuatxu, trangthai, soluong, updated_at) VALUES ('1', '1', 'Trà đen', 'Kg', 'Nguyên liệu pha chế', 'Việt Nam', 'Còn hàng', '15.0000', '2026-02-06 09:59:34.249006+07') ON CONFLICT DO NOTHING;
INSERT INTO public.nguyenlieu (manguyenlieu, id_restaurant, tennguyenlieu, donvitinh, mota, xuatxu, trangthai, soluong, updated_at) VALUES ('2', '1', 'Sữa tươi', 'Lít', 'Sữa pha chế', 'Đà Lạt', 'Còn hàng', '50.0000', '2026-02-06 09:59:34.249006+07') ON CONFLICT DO NOTHING;
INSERT INTO public.nguyenlieu (manguyenlieu, id_restaurant, tennguyenlieu, donvitinh, mota, xuatxu, trangthai, soluong, updated_at) VALUES ('3', '1', 'Bánh mì', 'Cái', 'Làm hamburger', 'Việt Nam', 'Còn hàng', '100.0000', '2026-02-06 09:59:34.249006+07') ON CONFLICT DO NOTHING;
INSERT INTO public.nguyenlieu (manguyenlieu, id_restaurant, tennguyenlieu, donvitinh, mota, xuatxu, trangthai, soluong, updated_at) VALUES ('4', '1', 'Thịt bò', 'Kg', 'Làm nhân bánh', 'Úc', 'Còn hàng', '20.0000', '2026-02-06 09:59:34.249006+07') ON CONFLICT DO NOTHING;
INSERT INTO public.nguyenlieu (manguyenlieu, id_restaurant, tennguyenlieu, donvitinh, mota, xuatxu, trangthai, soluong, updated_at) VALUES ('5', '1', 'Thịt bò xay', 'Kg', 'Làm nhân Hamburger, Mì Ý', 'Úc', 'Còn hàng', '15.0000', '2026-02-06 09:59:34.249006+07') ON CONFLICT DO NOTHING;
INSERT INTO public.nguyenlieu (manguyenlieu, id_restaurant, tennguyenlieu, donvitinh, mota, xuatxu, trangthai, soluong, updated_at) VALUES ('6', '1', 'Thịt bò thăn', 'Kg', 'Dùng cho Cơm rang, Phở tái', 'Việt Nam', 'Còn hàng', '10.0000', '2026-02-06 09:59:34.249006+07') ON CONFLICT DO NOTHING;
INSERT INTO public.nguyenlieu (manguyenlieu, id_restaurant, tennguyenlieu, donvitinh, mota, xuatxu, trangthai, soluong, updated_at) VALUES ('7', '1', 'Xương ống bò', 'Kg', 'Ninh nước dùng phở', 'Việt Nam', 'Còn hàng', '30.0000', '2026-02-06 09:59:34.249006+07') ON CONFLICT DO NOTHING;
INSERT INTO public.nguyenlieu (manguyenlieu, id_restaurant, tennguyenlieu, donvitinh, mota, xuatxu, trangthai, soluong, updated_at) VALUES ('8', '1', 'Thịt gà (Cánh/Đùi)', 'Kg', 'Gà rán, Gà sốt cay', 'CP Việt Nam', 'Còn hàng', '45.0000', '2026-02-06 09:59:34.249006+07') ON CONFLICT DO NOTHING;
INSERT INTO public.nguyenlieu (manguyenlieu, id_restaurant, tennguyenlieu, donvitinh, mota, xuatxu, trangthai, soluong, updated_at) VALUES ('9', '1', 'Ức gà Fillet', 'Kg', 'Làm Salad', 'CP Việt Nam', 'Còn hàng', '25.0000', '2026-02-06 09:59:34.249006+07') ON CONFLICT DO NOTHING;
INSERT INTO public.nguyenlieu (manguyenlieu, id_restaurant, tennguyenlieu, donvitinh, mota, xuatxu, trangthai, soluong, updated_at) VALUES ('10', '1', 'Tôm sú', 'Kg', 'Pizza hải sản', 'Cà Mau', 'Còn hàng', '12.0000', '2026-02-06 09:59:34.249006+07') ON CONFLICT DO NOTHING;
INSERT INTO public.nguyenlieu (manguyenlieu, id_restaurant, tennguyenlieu, donvitinh, mota, xuatxu, trangthai, soluong, updated_at) VALUES ('11', '1', 'Mực ống', 'Kg', 'Pizza hải sản', 'Quảng Ninh', 'Còn hàng', '15.0000', '2026-02-06 09:59:34.249006+07') ON CONFLICT DO NOTHING;
INSERT INTO public.nguyenlieu (manguyenlieu, id_restaurant, tennguyenlieu, donvitinh, mota, xuatxu, trangthai, soluong, updated_at) VALUES ('12', '1', 'Thanh cua', 'Gói', 'Topping Pizza', 'Nhật Bản', 'Còn hàng', '40.0000', '2026-02-06 09:59:34.249006+07') ON CONFLICT DO NOTHING;
INSERT INTO public.nguyenlieu (manguyenlieu, id_restaurant, tennguyenlieu, donvitinh, mota, xuatxu, trangthai, soluong, updated_at) VALUES ('13', '1', 'Vỏ bánh Hamburger', 'Cái', 'Vỏ bánh tròn rắc vừng', 'Kinh Đô', 'Còn hàng', '200.0000', '2026-02-06 09:59:34.249006+07') ON CONFLICT DO NOTHING;
INSERT INTO public.nguyenlieu (manguyenlieu, id_restaurant, tennguyenlieu, donvitinh, mota, xuatxu, trangthai, soluong, updated_at) VALUES ('14', '1', 'Đế bánh Pizza', 'Cái', 'Đế mỏng size M', 'Việt Nam', 'Còn hàng', '80.0000', '2026-02-06 09:59:34.249006+07') ON CONFLICT DO NOTHING;
INSERT INTO public.nguyenlieu (manguyenlieu, id_restaurant, tennguyenlieu, donvitinh, mota, xuatxu, trangthai, soluong, updated_at) VALUES ('15', '1', 'Khoai tây tươi', 'Kg', 'Khoai tây chiên, múi cau', 'Đà Lạt', 'Còn hàng', '60.0000', '2026-02-06 09:59:34.249006+07') ON CONFLICT DO NOTHING;
INSERT INTO public.nguyenlieu (manguyenlieu, id_restaurant, tennguyenlieu, donvitinh, mota, xuatxu, trangthai, soluong, updated_at) VALUES ('16', '1', 'Mì Ý Spaghetti', 'Gói', 'Mì sợi tròn 500g', 'Ý', 'Còn hàng', '35.0000', '2026-02-06 09:59:34.249006+07') ON CONFLICT DO NOTHING;
INSERT INTO public.nguyenlieu (manguyenlieu, id_restaurant, tennguyenlieu, donvitinh, mota, xuatxu, trangthai, soluong, updated_at) VALUES ('17', '1', 'Gạo tẻ', 'Kg', 'Nấu cơm rang', 'ST25', 'Còn hàng', '100.0000', '2026-02-06 09:59:34.249006+07') ON CONFLICT DO NOTHING;
INSERT INTO public.nguyenlieu (manguyenlieu, id_restaurant, tennguyenlieu, donvitinh, mota, xuatxu, trangthai, soluong, updated_at) VALUES ('18', '1', 'Bánh phở tươi', 'Kg', 'Dùng cho món phở', 'Việt Nam', 'Còn hàng', '40.0000', '2026-02-06 09:59:34.249006+07') ON CONFLICT DO NOTHING;
INSERT INTO public.nguyenlieu (manguyenlieu, id_restaurant, tennguyenlieu, donvitinh, mota, xuatxu, trangthai, soluong, updated_at) VALUES ('19', '1', 'Rau Xà lách', 'Kg', 'Ăn kèm Burger, Salad', 'Đà Lạt', 'Còn hàng', '15.0000', '2026-02-06 09:59:34.249006+07') ON CONFLICT DO NOTHING;
INSERT INTO public.nguyenlieu (manguyenlieu, id_restaurant, tennguyenlieu, donvitinh, mota, xuatxu, trangthai, soluong, updated_at) VALUES ('20', '1', 'Cà chua', 'Kg', 'Làm sốt, ăn kèm', 'Đà Lạt', 'Còn hàng', '25.0000', '2026-02-06 09:59:34.249006+07') ON CONFLICT DO NOTHING;
INSERT INTO public.nguyenlieu (manguyenlieu, id_restaurant, tennguyenlieu, donvitinh, mota, xuatxu, trangthai, soluong, updated_at) VALUES ('21', '1', 'Hành tây', 'Kg', 'Xào, Pizza', 'Hải Dương', 'Còn hàng', '20.0000', '2026-02-06 09:59:34.249006+07') ON CONFLICT DO NOTHING;
INSERT INTO public.nguyenlieu (manguyenlieu, id_restaurant, tennguyenlieu, donvitinh, mota, xuatxu, trangthai, soluong, updated_at) VALUES ('22', '1', 'Ớt chuông', 'Kg', 'Topping Pizza', 'Đà Lạt', 'Còn hàng', '10.0000', '2026-02-06 09:59:34.249006+07') ON CONFLICT DO NOTHING;
INSERT INTO public.nguyenlieu (manguyenlieu, id_restaurant, tennguyenlieu, donvitinh, mota, xuatxu, trangthai, soluong, updated_at) VALUES ('23', '1', 'Dưa cải chua', 'Kg', 'Cơm rang dưa bò', 'Việt Nam', 'Còn hàng', '15.0000', '2026-02-06 09:59:34.249006+07') ON CONFLICT DO NOTHING;
INSERT INTO public.nguyenlieu (manguyenlieu, id_restaurant, tennguyenlieu, donvitinh, mota, xuatxu, trangthai, soluong, updated_at) VALUES ('24', '1', 'Cam vàng', 'Kg', 'Pha nước ép, Trà đào', 'Ai Cập', 'Còn hàng', '30.0000', '2026-02-06 09:59:34.249006+07') ON CONFLICT DO NOTHING;
INSERT INTO public.nguyenlieu (manguyenlieu, id_restaurant, tennguyenlieu, donvitinh, mota, xuatxu, trangthai, soluong, updated_at) VALUES ('25', '1', 'Bơ sáp', 'Kg', 'Sinh tố, Kem bơ', 'Đắk Lắk', 'Còn hàng', '20.0000', '2026-02-06 09:59:34.249006+07') ON CONFLICT DO NOTHING;
INSERT INTO public.nguyenlieu (manguyenlieu, id_restaurant, tennguyenlieu, donvitinh, mota, xuatxu, trangthai, soluong, updated_at) VALUES ('27', '1', 'Tỏi', 'Kg', 'Gia vị xào nấu', 'Việt Nam', 'Còn hàng', '8.0000', '2026-02-06 09:59:34.249006+07') ON CONFLICT DO NOTHING;
INSERT INTO public.nguyenlieu (manguyenlieu, id_restaurant, tennguyenlieu, donvitinh, mota, xuatxu, trangthai, soluong, updated_at) VALUES ('28', '1', 'Phô mai Mozzarella', 'Kg', 'Phô mai kéo sợi Pizza', 'Anchor', 'Còn hàng', '25.0000', '2026-02-06 09:59:34.249006+07') ON CONFLICT DO NOTHING;
INSERT INTO public.nguyenlieu (manguyenlieu, id_restaurant, tennguyenlieu, donvitinh, mota, xuatxu, trangthai, soluong, updated_at) VALUES ('29', '1', 'Phô mai Cheddar', 'Gói', 'Phô mai lát Burger', 'Anchor', 'Còn hàng', '50.0000', '2026-02-06 09:59:34.249006+07') ON CONFLICT DO NOTHING;
INSERT INTO public.nguyenlieu (manguyenlieu, id_restaurant, tennguyenlieu, donvitinh, mota, xuatxu, trangthai, soluong, updated_at) VALUES ('30', '1', 'Sữa đặc', 'Hộp', 'Pha chế đồ uống', 'Ông Thọ', 'Còn hàng', '72.0000', '2026-02-06 09:59:34.249006+07') ON CONFLICT DO NOTHING;
INSERT INTO public.nguyenlieu (manguyenlieu, id_restaurant, tennguyenlieu, donvitinh, mota, xuatxu, trangthai, soluong, updated_at) VALUES ('31', '1', 'Bột kem béo', 'Kg', 'Pha trà sữa', 'Thái Lan', 'Còn hàng', '40.0000', '2026-02-06 09:59:34.249006+07') ON CONFLICT DO NOTHING;
INSERT INTO public.nguyenlieu (manguyenlieu, id_restaurant, tennguyenlieu, donvitinh, mota, xuatxu, trangthai, soluong, updated_at) VALUES ('32', '1', 'Whipping Cream', 'Hộp', 'Làm chè khúc bạch', 'Anchor', 'Còn hàng', '24.0000', '2026-02-06 09:59:34.249006+07') ON CONFLICT DO NOTHING;
INSERT INTO public.nguyenlieu (manguyenlieu, id_restaurant, tennguyenlieu, donvitinh, mota, xuatxu, trangthai, soluong, updated_at) VALUES ('33', '1', 'Sữa chua', 'Hộp', 'Làm sữa chua dẻo', 'Vinamilk', 'Còn hàng', '120.0000', '2026-02-06 09:59:34.249006+07') ON CONFLICT DO NOTHING;
INSERT INTO public.nguyenlieu (manguyenlieu, id_restaurant, tennguyenlieu, donvitinh, mota, xuatxu, trangthai, soluong, updated_at) VALUES ('34', '1', 'Kem Vani', 'Hộp', 'Kem viên', 'Wall', 'Còn hàng', '10.0000', '2026-02-06 09:59:34.249006+07') ON CONFLICT DO NOTHING;
INSERT INTO public.nguyenlieu (manguyenlieu, id_restaurant, tennguyenlieu, donvitinh, mota, xuatxu, trangthai, soluong, updated_at) VALUES ('35', '1', 'Sốt Cà chua (Pizza)', 'Hộp', 'Sốt nền Pizza/Mì Ý', 'Golden Farm', 'Còn hàng', '30.0000', '2026-02-06 09:59:34.249006+07') ON CONFLICT DO NOTHING;
INSERT INTO public.nguyenlieu (manguyenlieu, id_restaurant, tennguyenlieu, donvitinh, mota, xuatxu, trangthai, soluong, updated_at) VALUES ('36', '1', 'Sốt Gochujang', 'Hộp', 'Tương ớt Hàn Quốc', 'Hàn Quốc', 'Còn hàng', '15.0000', '2026-02-06 09:59:34.249006+07') ON CONFLICT DO NOTHING;
INSERT INTO public.nguyenlieu (manguyenlieu, id_restaurant, tennguyenlieu, donvitinh, mota, xuatxu, trangthai, soluong, updated_at) VALUES ('37', '1', 'Tương cà', 'Can', 'Chấm đồ chiên', 'Cholimex', 'Còn hàng', '10.0000', '2026-02-06 09:59:34.249006+07') ON CONFLICT DO NOTHING;
INSERT INTO public.nguyenlieu (manguyenlieu, id_restaurant, tennguyenlieu, donvitinh, mota, xuatxu, trangthai, soluong, updated_at) VALUES ('38', '1', 'Tương ớt', 'Can', 'Chấm đồ chiên', 'Chin-su', 'Còn hàng', '10.0000', '2026-02-06 09:59:34.249006+07') ON CONFLICT DO NOTHING;
INSERT INTO public.nguyenlieu (manguyenlieu, id_restaurant, tennguyenlieu, donvitinh, mota, xuatxu, trangthai, soluong, updated_at) VALUES ('39', '1', 'Bột chiên giòn', 'Gói', 'Tẩm gà chiên', 'Aji-Quick', 'Còn hàng', '100.0000', '2026-02-06 09:59:34.249006+07') ON CONFLICT DO NOTHING;
INSERT INTO public.nguyenlieu (manguyenlieu, id_restaurant, tennguyenlieu, donvitinh, mota, xuatxu, trangthai, soluong, updated_at) VALUES ('40', '1', 'Trà Thái Xanh', 'Gói', 'Pha trà sữa Thái', 'Thái Lan', 'Còn hàng', '20.0000', '2026-02-06 09:59:34.249006+07') ON CONFLICT DO NOTHING;
INSERT INTO public.nguyenlieu (manguyenlieu, id_restaurant, tennguyenlieu, donvitinh, mota, xuatxu, trangthai, soluong, updated_at) VALUES ('41', '1', 'Hồng trà (Trà đen)', 'Gói', 'Pha trà sữa truyền thống', 'Phúc Long', 'Còn hàng', '20.0000', '2026-02-06 09:59:34.249006+07') ON CONFLICT DO NOTHING;
INSERT INTO public.nguyenlieu (manguyenlieu, id_restaurant, tennguyenlieu, donvitinh, mota, xuatxu, trangthai, soluong, updated_at) VALUES ('42', '1', 'Trân châu đen', 'Kg', 'Topping trà sữa', 'Wings', 'Còn hàng', '50.0000', '2026-02-06 09:59:34.249006+07') ON CONFLICT DO NOTHING;
INSERT INTO public.nguyenlieu (manguyenlieu, id_restaurant, tennguyenlieu, donvitinh, mota, xuatxu, trangthai, soluong, updated_at) VALUES ('43', '1', 'Đào ngâm', 'Hộp', 'Trà đào', 'Hosen', 'Còn hàng', '48.0000', '2026-02-06 09:59:34.249006+07') ON CONFLICT DO NOTHING;
INSERT INTO public.nguyenlieu (manguyenlieu, id_restaurant, tennguyenlieu, donvitinh, mota, xuatxu, trangthai, soluong, updated_at) VALUES ('44', '1', 'Đường đen', 'Kg', 'Nấu trân châu', 'Hàn Quốc', 'Còn hàng', '30.0000', '2026-02-06 09:59:34.249006+07') ON CONFLICT DO NOTHING;
INSERT INTO public.nguyenlieu (manguyenlieu, id_restaurant, tennguyenlieu, donvitinh, mota, xuatxu, trangthai, soluong, updated_at) VALUES ('45', '1', 'Bột Gelatin', 'Gói', 'Làm đông chè/bánh', 'Đức', 'Còn hàng', '10.0000', '2026-02-06 09:59:34.249006+07') ON CONFLICT DO NOTHING;
INSERT INTO public.nguyenlieu (manguyenlieu, id_restaurant, tennguyenlieu, donvitinh, mota, xuatxu, trangthai, soluong, updated_at) VALUES ('46', '1', 'Hạnh nhân lát 789', 'Kg', 'Rắc chè khúc bạch', 'Mỹ', 'Còn hàng', '5.0000', '2026-02-06 09:59:34.249006+07') ON CONFLICT DO NOTHING;
INSERT INTO public.nguyenlieu (manguyenlieu, id_restaurant, tennguyenlieu, donvitinh, mota, xuatxu, trangthai, soluong, updated_at) VALUES ('63', '1', 'Rièng', 'Kg', 'nau thit cho', 'Viet nam', 'Còn hàng', '5.0000', '2026-03-03 18:31:29.162888+07') ON CONFLICT DO NOTHING;
INSERT INTO public.nguyenlieu (manguyenlieu, id_restaurant, tennguyenlieu, donvitinh, mota, xuatxu, trangthai, soluong, updated_at) VALUES ('64', '1', 'lá chanh', 'Kg', 'sdsds', 'vietnam', 'Còn hàng', '1.6500', '2026-03-03 22:00:25.397021+07') ON CONFLICT DO NOTHING;

-- listimage (117 rows)
INSERT INTO public.listimage (id_anh, masanpham, url_anh) VALUES ('2', '1', 'trasua2.png') ON CONFLICT DO NOTHING;
INSERT INTO public.listimage (id_anh, masanpham, url_anh) VALUES ('1', '1', 'trasua1.jpg') ON CONFLICT DO NOTHING;
INSERT INTO public.listimage (id_anh, masanpham, url_anh) VALUES ('16', '1', 'trasua3.jpg') ON CONFLICT DO NOTHING;
INSERT INTO public.listimage (id_anh, masanpham, url_anh) VALUES ('21', '1', 'trasua4.jpg') ON CONFLICT DO NOTHING;
INSERT INTO public.listimage (id_anh, masanpham, url_anh) VALUES ('22', '1', 'trasua5.jpg') ON CONFLICT DO NOTHING;
INSERT INTO public.listimage (id_anh, masanpham, url_anh) VALUES ('43', '7', 'tra-sua-thai-xanh-5.png') ON CONFLICT DO NOTHING;
INSERT INTO public.listimage (id_anh, masanpham, url_anh) VALUES ('59', '11', 'nuoc-ep-cam-5.png') ON CONFLICT DO NOTHING;
INSERT INTO public.listimage (id_anh, masanpham, url_anh) VALUES ('99', '20', 'sua-chua-5.png') ON CONFLICT DO NOTHING;
INSERT INTO public.listimage (id_anh, masanpham, url_anh) VALUES ('107', '22', 'pho-bo-nd-3.png') ON CONFLICT DO NOTHING;
INSERT INTO public.listimage (id_anh, masanpham, url_anh) VALUES ('3', '3', 'burger1.jpg') ON CONFLICT DO NOTHING;
INSERT INTO public.listimage (id_anh, masanpham, url_anh) VALUES ('17', '3', 'burger2.jpg') ON CONFLICT DO NOTHING;
INSERT INTO public.listimage (id_anh, masanpham, url_anh) VALUES ('18', '3', 'burger3.jpg') ON CONFLICT DO NOTHING;
INSERT INTO public.listimage (id_anh, masanpham, url_anh) VALUES ('26', '3', 'burger4.jpg') ON CONFLICT DO NOTHING;
INSERT INTO public.listimage (id_anh, masanpham, url_anh) VALUES ('27', '3', 'burger5.jpg') ON CONFLICT DO NOTHING;
INSERT INTO public.listimage (id_anh, masanpham, url_anh) VALUES ('5', '7', 'tra-sua-thai-xanh-1.jpg') ON CONFLICT DO NOTHING;
INSERT INTO public.listimage (id_anh, masanpham, url_anh) VALUES ('6', '7', 'tra-sua-thai-xanh-2.jpg') ON CONFLICT DO NOTHING;
INSERT INTO public.listimage (id_anh, masanpham, url_anh) VALUES ('41', '7', 'tra-sua-thai-xanh-3.jpg') ON CONFLICT DO NOTHING;
INSERT INTO public.listimage (id_anh, masanpham, url_anh) VALUES ('42', '7', 'tra-sua-thai-xanh-4.jpg') ON CONFLICT DO NOTHING;
INSERT INTO public.listimage (id_anh, masanpham, url_anh) VALUES ('7', '8', 'hong-tra-sua-1.jpg') ON CONFLICT DO NOTHING;
INSERT INTO public.listimage (id_anh, masanpham, url_anh) VALUES ('44', '8', 'hong-tra-sua-2.jpg') ON CONFLICT DO NOTHING;
INSERT INTO public.listimage (id_anh, masanpham, url_anh) VALUES ('45', '8', 'hong-tra-sua-3.jpg') ON CONFLICT DO NOTHING;
INSERT INTO public.listimage (id_anh, masanpham, url_anh) VALUES ('46', '8', 'hong-tra-sua-4.jpg') ON CONFLICT DO NOTHING;
INSERT INTO public.listimage (id_anh, masanpham, url_anh) VALUES ('47', '8', 'hong-tra-sua-5.jpg') ON CONFLICT DO NOTHING;
INSERT INTO public.listimage (id_anh, masanpham, url_anh) VALUES ('10', '11', 'nuoc-ep-cam-1.jpg') ON CONFLICT DO NOTHING;
INSERT INTO public.listimage (id_anh, masanpham, url_anh) VALUES ('56', '11', 'nuoc-ep-cam-2.jpg') ON CONFLICT DO NOTHING;
INSERT INTO public.listimage (id_anh, masanpham, url_anh) VALUES ('57', '11', 'nuoc-ep-cam-3.jpg') ON CONFLICT DO NOTHING;
INSERT INTO public.listimage (id_anh, masanpham, url_anh) VALUES ('58', '11', 'nuoc-ep-cam-4.jpg') ON CONFLICT DO NOTHING;
INSERT INTO public.listimage (id_anh, masanpham, url_anh) VALUES ('8', '9', 'pizza-hai-san-1.jpg') ON CONFLICT DO NOTHING;
INSERT INTO public.listimage (id_anh, masanpham, url_anh) VALUES ('48', '9', 'pizza-hai-san-2.jpg') ON CONFLICT DO NOTHING;
INSERT INTO public.listimage (id_anh, masanpham, url_anh) VALUES ('49', '9', 'pizza-hai-san-3.jpg') ON CONFLICT DO NOTHING;
INSERT INTO public.listimage (id_anh, masanpham, url_anh) VALUES ('50', '9', 'pizza-hai-san-4.jpg') ON CONFLICT DO NOTHING;
INSERT INTO public.listimage (id_anh, masanpham, url_anh) VALUES ('51', '9', 'pizza-hai-san-5.jpg') ON CONFLICT DO NOTHING;
INSERT INTO public.listimage (id_anh, masanpham, url_anh) VALUES ('9', '10', 'mi-y-bo-bam-1.jpg') ON CONFLICT DO NOTHING;
INSERT INTO public.listimage (id_anh, masanpham, url_anh) VALUES ('52', '10', 'mi-y-bo-bam-2.jpg') ON CONFLICT DO NOTHING;
INSERT INTO public.listimage (id_anh, masanpham, url_anh) VALUES ('53', '10', 'mi-y-bo-bam-3.jpg') ON CONFLICT DO NOTHING;
INSERT INTO public.listimage (id_anh, masanpham, url_anh) VALUES ('54', '10', 'mi-y-bo-bam-4.jpg') ON CONFLICT DO NOTHING;
INSERT INTO public.listimage (id_anh, masanpham, url_anh) VALUES ('55', '10', 'mi-y-bo-bam-5.jpg') ON CONFLICT DO NOTHING;
INSERT INTO public.listimage (id_anh, masanpham, url_anh) VALUES ('11', '12', 'ga-sot-cay-1.png') ON CONFLICT DO NOTHING;
INSERT INTO public.listimage (id_anh, masanpham, url_anh) VALUES ('60', '12', 'ga-sot-cay-2.jpg') ON CONFLICT DO NOTHING;
INSERT INTO public.listimage (id_anh, masanpham, url_anh) VALUES ('61', '12', 'ga-sot-cay-3.jpg') ON CONFLICT DO NOTHING;
INSERT INTO public.listimage (id_anh, masanpham, url_anh) VALUES ('62', '12', 'ga-sot-cay-4.jpg') ON CONFLICT DO NOTHING;
INSERT INTO public.listimage (id_anh, masanpham, url_anh) VALUES ('63', '12', 'ga-sot-cay-5.jpg') ON CONFLICT DO NOTHING;
INSERT INTO public.listimage (id_anh, masanpham, url_anh) VALUES ('12', '13', 'sinh-to-bo-1.jpg') ON CONFLICT DO NOTHING;
INSERT INTO public.listimage (id_anh, masanpham, url_anh) VALUES ('64', '13', 'sinh-to-bo-2.jpg') ON CONFLICT DO NOTHING;
INSERT INTO public.listimage (id_anh, masanpham, url_anh) VALUES ('65', '13', 'sinh-to-bo-3.jpg') ON CONFLICT DO NOTHING;
INSERT INTO public.listimage (id_anh, masanpham, url_anh) VALUES ('66', '13', 'sinh-to-bo-4.jpg') ON CONFLICT DO NOTHING;
INSERT INTO public.listimage (id_anh, masanpham, url_anh) VALUES ('67', '13', 'sinh-to-bo-5.jpg') ON CONFLICT DO NOTHING;
INSERT INTO public.listimage (id_anh, masanpham, url_anh) VALUES ('13', '14', 'khoai-tay-mui-cau-1.jpg') ON CONFLICT DO NOTHING;
INSERT INTO public.listimage (id_anh, masanpham, url_anh) VALUES ('68', '14', 'khoai-tay-mui-cau-2.jpg') ON CONFLICT DO NOTHING;
INSERT INTO public.listimage (id_anh, masanpham, url_anh) VALUES ('69', '14', 'khoai-tay-mui-cau-3.jpg') ON CONFLICT DO NOTHING;
INSERT INTO public.listimage (id_anh, masanpham, url_anh) VALUES ('70', '14', 'khoai-tay-mui-cau-4.jpg') ON CONFLICT DO NOTHING;
INSERT INTO public.listimage (id_anh, masanpham, url_anh) VALUES ('71', '14', 'khoai-tay-mui-cau-5.jpg') ON CONFLICT DO NOTHING;
INSERT INTO public.listimage (id_anh, masanpham, url_anh) VALUES ('14', '15', 'tra-dao-cam-sa-1.jpg') ON CONFLICT DO NOTHING;
INSERT INTO public.listimage (id_anh, masanpham, url_anh) VALUES ('72', '15', 'tra-dao-cam-sa-2.jpg') ON CONFLICT DO NOTHING;
INSERT INTO public.listimage (id_anh, masanpham, url_anh) VALUES ('73', '15', 'tra-dao-cam-sa-3.jpg') ON CONFLICT DO NOTHING;
INSERT INTO public.listimage (id_anh, masanpham, url_anh) VALUES ('74', '15', 'tra-dao-cam-sa-4.jpg') ON CONFLICT DO NOTHING;
INSERT INTO public.listimage (id_anh, masanpham, url_anh) VALUES ('75', '15', 'tra-dao-cam-sa-5.jpg') ON CONFLICT DO NOTHING;
INSERT INTO public.listimage (id_anh, masanpham, url_anh) VALUES ('15', '16', 'salad-uc-ga-1.jpg') ON CONFLICT DO NOTHING;
INSERT INTO public.listimage (id_anh, masanpham, url_anh) VALUES ('76', '16', 'salad-uc-ga-2.jpg') ON CONFLICT DO NOTHING;
INSERT INTO public.listimage (id_anh, masanpham, url_anh) VALUES ('77', '16', 'salad-uc-ga-3.jpg') ON CONFLICT DO NOTHING;
INSERT INTO public.listimage (id_anh, masanpham, url_anh) VALUES ('78', '16', 'salad-uc-ga-4.jpg') ON CONFLICT DO NOTHING;
INSERT INTO public.listimage (id_anh, masanpham, url_anh) VALUES ('79', '16', 'salad-uc-ga-5.jpg') ON CONFLICT DO NOTHING;
INSERT INTO public.listimage (id_anh, masanpham, url_anh) VALUES ('80', '17', 'che-kb-1.jpg') ON CONFLICT DO NOTHING;
INSERT INTO public.listimage (id_anh, masanpham, url_anh) VALUES ('81', '17', 'che-kb-2.jpg') ON CONFLICT DO NOTHING;
INSERT INTO public.listimage (id_anh, masanpham, url_anh) VALUES ('82', '17', 'che-kb-3.jpg') ON CONFLICT DO NOTHING;
INSERT INTO public.listimage (id_anh, masanpham, url_anh) VALUES ('83', '17', 'che-kb-4.jpg') ON CONFLICT DO NOTHING;
INSERT INTO public.listimage (id_anh, masanpham, url_anh) VALUES ('84', '17', 'che-kb-5.jpg') ON CONFLICT DO NOTHING;
INSERT INTO public.listimage (id_anh, masanpham, url_anh) VALUES ('85', '18', 'banh-flan-1.jpg') ON CONFLICT DO NOTHING;
INSERT INTO public.listimage (id_anh, masanpham, url_anh) VALUES ('86', '18', 'banh-flan-2.jpg') ON CONFLICT DO NOTHING;
INSERT INTO public.listimage (id_anh, masanpham, url_anh) VALUES ('87', '18', 'banh-flan-3.jpg') ON CONFLICT DO NOTHING;
INSERT INTO public.listimage (id_anh, masanpham, url_anh) VALUES ('88', '18', 'banh-flan-4.jpg') ON CONFLICT DO NOTHING;
INSERT INTO public.listimage (id_anh, masanpham, url_anh) VALUES ('89', '18', 'banh-flan-5.jpg') ON CONFLICT DO NOTHING;
INSERT INTO public.listimage (id_anh, masanpham, url_anh) VALUES ('95', '20', 'sua-chua-1.jpg') ON CONFLICT DO NOTHING;
INSERT INTO public.listimage (id_anh, masanpham, url_anh) VALUES ('96', '20', 'sua-chua-2.jpg') ON CONFLICT DO NOTHING;
INSERT INTO public.listimage (id_anh, masanpham, url_anh) VALUES ('97', '20', 'sua-chua-3.jpg') ON CONFLICT DO NOTHING;
INSERT INTO public.listimage (id_anh, masanpham, url_anh) VALUES ('98', '20', 'sua-chua-4.jpg') ON CONFLICT DO NOTHING;
INSERT INTO public.listimage (id_anh, masanpham, url_anh) VALUES ('100', '21', 'kem-bo-1.jpg') ON CONFLICT DO NOTHING;
INSERT INTO public.listimage (id_anh, masanpham, url_anh) VALUES ('101', '21', 'kem-bo-2.jpg') ON CONFLICT DO NOTHING;
INSERT INTO public.listimage (id_anh, masanpham, url_anh) VALUES ('102', '21', 'kem-bo-3.jpg') ON CONFLICT DO NOTHING;
INSERT INTO public.listimage (id_anh, masanpham, url_anh) VALUES ('103', '21', 'kem-bo-4.jpg') ON CONFLICT DO NOTHING;
INSERT INTO public.listimage (id_anh, masanpham, url_anh) VALUES ('104', '21', 'kem-bo-5.jpg') ON CONFLICT DO NOTHING;
INSERT INTO public.listimage (id_anh, masanpham, url_anh) VALUES ('105', '22', 'pho-bo-nd-1.jpg') ON CONFLICT DO NOTHING;
INSERT INTO public.listimage (id_anh, masanpham, url_anh) VALUES ('106', '22', 'pho-bo-nd-2.jpg') ON CONFLICT DO NOTHING;
INSERT INTO public.listimage (id_anh, masanpham, url_anh) VALUES ('108', '22', 'pho-bo-nd-4.jpg') ON CONFLICT DO NOTHING;
INSERT INTO public.listimage (id_anh, masanpham, url_anh) VALUES ('109', '22', 'pho-bo-nd-5.jpg') ON CONFLICT DO NOTHING;
INSERT INTO public.listimage (id_anh, masanpham, url_anh) VALUES ('110', '23', 'pho-bo-ltt-1.jpg') ON CONFLICT DO NOTHING;
INSERT INTO public.listimage (id_anh, masanpham, url_anh) VALUES ('166', '25', '45495899-e5fc-4c3d-bf28-5ca950654838.jpg') ON CONFLICT DO NOTHING;
INSERT INTO public.listimage (id_anh, masanpham, url_anh) VALUES ('113', '23', 'pho-bo-ltt-4.jpg') ON CONFLICT DO NOTHING;
INSERT INTO public.listimage (id_anh, masanpham, url_anh) VALUES ('114', '23', 'pho-bo-ltt-5.jpg') ON CONFLICT DO NOTHING;
INSERT INTO public.listimage (id_anh, masanpham, url_anh) VALUES ('111', '23', 'pho-bo-ltt-3.jpg') ON CONFLICT DO NOTHING;
INSERT INTO public.listimage (id_anh, masanpham, url_anh) VALUES ('167', '25', '2e824b2a-87a8-40c2-9728-a9af7696df77.jpg') ON CONFLICT DO NOTHING;
INSERT INTO public.listimage (id_anh, masanpham, url_anh) VALUES ('112', '23', 'pho-bo-ltt-2.jpg') ON CONFLICT DO NOTHING;
INSERT INTO public.listimage (id_anh, masanpham, url_anh) VALUES ('32', '5', 'ga-ran-2.jpg') ON CONFLICT DO NOTHING;
INSERT INTO public.listimage (id_anh, masanpham, url_anh) VALUES ('33', '5', 'ga-ran-3.jpg') ON CONFLICT DO NOTHING;
INSERT INTO public.listimage (id_anh, masanpham, url_anh) VALUES ('34', '5', 'ga-ran-4.jpg') ON CONFLICT DO NOTHING;
INSERT INTO public.listimage (id_anh, masanpham, url_anh) VALUES ('35', '5', 'ga-ran-5.jpg') ON CONFLICT DO NOTHING;
INSERT INTO public.listimage (id_anh, masanpham, url_anh) VALUES ('168', '25', 'd54708b9-cc5b-408c-b7eb-ee34978cfa24.jpg') ON CONFLICT DO NOTHING;
INSERT INTO public.listimage (id_anh, masanpham, url_anh) VALUES ('169', '25', '8aef3bd6-03a8-49a4-b254-0ae4028e25a9.jpg') ON CONFLICT DO NOTHING;
INSERT INTO public.listimage (id_anh, masanpham, url_anh) VALUES ('170', '25', 'f7464487-f82c-4a11-ba6b-8f00a68e008b.jpg') ON CONFLICT DO NOTHING;
INSERT INTO public.listimage (id_anh, masanpham, url_anh) VALUES ('115', NULL, 'trasua2.png') ON CONFLICT DO NOTHING;
INSERT INTO public.listimage (id_anh, masanpham, url_anh) VALUES ('116', NULL, 'trasua1.jpg') ON CONFLICT DO NOTHING;
INSERT INTO public.listimage (id_anh, masanpham, url_anh) VALUES ('117', NULL, 'trasua3.jpg') ON CONFLICT DO NOTHING;
INSERT INTO public.listimage (id_anh, masanpham, url_anh) VALUES ('118', NULL, 'trasua4.jpg') ON CONFLICT DO NOTHING;
INSERT INTO public.listimage (id_anh, masanpham, url_anh) VALUES ('119', NULL, 'trasua2.png') ON CONFLICT DO NOTHING;
INSERT INTO public.listimage (id_anh, masanpham, url_anh) VALUES ('120', NULL, 'trasua1.jpg') ON CONFLICT DO NOTHING;
INSERT INTO public.listimage (id_anh, masanpham, url_anh) VALUES ('121', NULL, 'trasua3.jpg') ON CONFLICT DO NOTHING;
INSERT INTO public.listimage (id_anh, masanpham, url_anh) VALUES ('122', NULL, 'trasua4.jpg') ON CONFLICT DO NOTHING;
INSERT INTO public.listimage (id_anh, masanpham, url_anh) VALUES ('156', '24', '52c5bf3b-6ceb-41c0-a643-789de402f1cd.jpg') ON CONFLICT DO NOTHING;
INSERT INTO public.listimage (id_anh, masanpham, url_anh) VALUES ('157', '24', '6872cd06-df22-49cd-81a9-4083bbf066fe.jpg') ON CONFLICT DO NOTHING;
INSERT INTO public.listimage (id_anh, masanpham, url_anh) VALUES ('158', '24', '026ccbb6-2274-4f1d-b34f-46b14ddda5cd.jpg') ON CONFLICT DO NOTHING;
INSERT INTO public.listimage (id_anh, masanpham, url_anh) VALUES ('159', '24', '4422ceca-7758-4760-bb54-5bc3a4666074.jpg') ON CONFLICT DO NOTHING;
INSERT INTO public.listimage (id_anh, masanpham, url_anh) VALUES ('160', '24', '5e4c251f-b3fa-4259-b665-0ffa0c88846f.jpg') ON CONFLICT DO NOTHING;
INSERT INTO public.listimage (id_anh, masanpham, url_anh) VALUES ('161', '4', 'khoai2.jpg') ON CONFLICT DO NOTHING;
INSERT INTO public.listimage (id_anh, masanpham, url_anh) VALUES ('162', '4', 'khoai3.jpg') ON CONFLICT DO NOTHING;
INSERT INTO public.listimage (id_anh, masanpham, url_anh) VALUES ('163', '4', 'khoai1.jpg') ON CONFLICT DO NOTHING;
INSERT INTO public.listimage (id_anh, masanpham, url_anh) VALUES ('164', '4', 'khoai4.jpg') ON CONFLICT DO NOTHING;
INSERT INTO public.listimage (id_anh, masanpham, url_anh) VALUES ('165', '4', 'khoai5.jpg') ON CONFLICT DO NOTHING;

-- congthuc (65 rows)
INSERT INTO public.congthuc (masanpham, manguyenlieu, slnguyenlieu) VALUES ('1', '41', '0.02') ON CONFLICT DO NOTHING;
INSERT INTO public.congthuc (masanpham, manguyenlieu, slnguyenlieu) VALUES ('1', '31', '0.03') ON CONFLICT DO NOTHING;
INSERT INTO public.congthuc (masanpham, manguyenlieu, slnguyenlieu) VALUES ('1', '42', '0.05') ON CONFLICT DO NOTHING;
INSERT INTO public.congthuc (masanpham, manguyenlieu, slnguyenlieu) VALUES ('1', '44', '0.02') ON CONFLICT DO NOTHING;
INSERT INTO public.congthuc (masanpham, manguyenlieu, slnguyenlieu) VALUES ('3', '13', '1.00') ON CONFLICT DO NOTHING;
INSERT INTO public.congthuc (masanpham, manguyenlieu, slnguyenlieu) VALUES ('3', '5', '0.10') ON CONFLICT DO NOTHING;
INSERT INTO public.congthuc (masanpham, manguyenlieu, slnguyenlieu) VALUES ('3', '29', '1.00') ON CONFLICT DO NOTHING;
INSERT INTO public.congthuc (masanpham, manguyenlieu, slnguyenlieu) VALUES ('3', '19', '0.02') ON CONFLICT DO NOTHING;
INSERT INTO public.congthuc (masanpham, manguyenlieu, slnguyenlieu) VALUES ('5', '8', '0.25') ON CONFLICT DO NOTHING;
INSERT INTO public.congthuc (masanpham, manguyenlieu, slnguyenlieu) VALUES ('5', '39', '0.05') ON CONFLICT DO NOTHING;
INSERT INTO public.congthuc (masanpham, manguyenlieu, slnguyenlieu) VALUES ('5', '38', '0.01') ON CONFLICT DO NOTHING;
INSERT INTO public.congthuc (masanpham, manguyenlieu, slnguyenlieu) VALUES ('9', '14', '1.00') ON CONFLICT DO NOTHING;
INSERT INTO public.congthuc (masanpham, manguyenlieu, slnguyenlieu) VALUES ('9', '10', '0.05') ON CONFLICT DO NOTHING;
INSERT INTO public.congthuc (masanpham, manguyenlieu, slnguyenlieu) VALUES ('9', '11', '0.05') ON CONFLICT DO NOTHING;
INSERT INTO public.congthuc (masanpham, manguyenlieu, slnguyenlieu) VALUES ('9', '28', '0.08') ON CONFLICT DO NOTHING;
INSERT INTO public.congthuc (masanpham, manguyenlieu, slnguyenlieu) VALUES ('9', '35', '0.03') ON CONFLICT DO NOTHING;
INSERT INTO public.congthuc (masanpham, manguyenlieu, slnguyenlieu) VALUES ('10', '16', '0.10') ON CONFLICT DO NOTHING;
INSERT INTO public.congthuc (masanpham, manguyenlieu, slnguyenlieu) VALUES ('10', '5', '0.08') ON CONFLICT DO NOTHING;
INSERT INTO public.congthuc (masanpham, manguyenlieu, slnguyenlieu) VALUES ('10', '35', '0.05') ON CONFLICT DO NOTHING;
INSERT INTO public.congthuc (masanpham, manguyenlieu, slnguyenlieu) VALUES ('22', '18', '0.20') ON CONFLICT DO NOTHING;
INSERT INTO public.congthuc (masanpham, manguyenlieu, slnguyenlieu) VALUES ('22', '6', '0.08') ON CONFLICT DO NOTHING;
INSERT INTO public.congthuc (masanpham, manguyenlieu, slnguyenlieu) VALUES ('22', '7', '0.20') ON CONFLICT DO NOTHING;
INSERT INTO public.congthuc (masanpham, manguyenlieu, slnguyenlieu) VALUES ('22', '27', '0.01') ON CONFLICT DO NOTHING;
INSERT INTO public.congthuc (masanpham, manguyenlieu, slnguyenlieu) VALUES ('25', '17', '0.15') ON CONFLICT DO NOTHING;
INSERT INTO public.congthuc (masanpham, manguyenlieu, slnguyenlieu) VALUES ('25', '23', '0.10') ON CONFLICT DO NOTHING;
INSERT INTO public.congthuc (masanpham, manguyenlieu, slnguyenlieu) VALUES ('25', '6', '0.05') ON CONFLICT DO NOTHING;
INSERT INTO public.congthuc (masanpham, manguyenlieu, slnguyenlieu) VALUES ('25', '27', '0.01') ON CONFLICT DO NOTHING;
INSERT INTO public.congthuc (masanpham, manguyenlieu, slnguyenlieu) VALUES ('4', '15', '0.20') ON CONFLICT DO NOTHING;
INSERT INTO public.congthuc (masanpham, manguyenlieu, slnguyenlieu) VALUES ('4', '37', '0.05') ON CONFLICT DO NOTHING;
INSERT INTO public.congthuc (masanpham, manguyenlieu, slnguyenlieu) VALUES ('7', '40', '0.02') ON CONFLICT DO NOTHING;
INSERT INTO public.congthuc (masanpham, manguyenlieu, slnguyenlieu) VALUES ('7', '31', '0.03') ON CONFLICT DO NOTHING;
INSERT INTO public.congthuc (masanpham, manguyenlieu, slnguyenlieu) VALUES ('7', '30', '0.05') ON CONFLICT DO NOTHING;
INSERT INTO public.congthuc (masanpham, manguyenlieu, slnguyenlieu) VALUES ('8', '41', '0.02') ON CONFLICT DO NOTHING;
INSERT INTO public.congthuc (masanpham, manguyenlieu, slnguyenlieu) VALUES ('8', '31', '0.03') ON CONFLICT DO NOTHING;
INSERT INTO public.congthuc (masanpham, manguyenlieu, slnguyenlieu) VALUES ('8', '30', '0.05') ON CONFLICT DO NOTHING;
INSERT INTO public.congthuc (masanpham, manguyenlieu, slnguyenlieu) VALUES ('11', '24', '0.30') ON CONFLICT DO NOTHING;
INSERT INTO public.congthuc (masanpham, manguyenlieu, slnguyenlieu) VALUES ('12', '8', '0.35') ON CONFLICT DO NOTHING;
INSERT INTO public.congthuc (masanpham, manguyenlieu, slnguyenlieu) VALUES ('12', '39', '0.10') ON CONFLICT DO NOTHING;
INSERT INTO public.congthuc (masanpham, manguyenlieu, slnguyenlieu) VALUES ('12', '36', '0.05') ON CONFLICT DO NOTHING;
INSERT INTO public.congthuc (masanpham, manguyenlieu, slnguyenlieu) VALUES ('13', '25', '0.25') ON CONFLICT DO NOTHING;
INSERT INTO public.congthuc (masanpham, manguyenlieu, slnguyenlieu) VALUES ('13', '30', '0.05') ON CONFLICT DO NOTHING;
INSERT INTO public.congthuc (masanpham, manguyenlieu, slnguyenlieu) VALUES ('13', '2', '0.10') ON CONFLICT DO NOTHING;
INSERT INTO public.congthuc (masanpham, manguyenlieu, slnguyenlieu) VALUES ('14', '15', '0.25') ON CONFLICT DO NOTHING;
INSERT INTO public.congthuc (masanpham, manguyenlieu, slnguyenlieu) VALUES ('14', '38', '0.05') ON CONFLICT DO NOTHING;
INSERT INTO public.congthuc (masanpham, manguyenlieu, slnguyenlieu) VALUES ('15', '41', '0.01') ON CONFLICT DO NOTHING;
INSERT INTO public.congthuc (masanpham, manguyenlieu, slnguyenlieu) VALUES ('15', '43', '0.10') ON CONFLICT DO NOTHING;
INSERT INTO public.congthuc (masanpham, manguyenlieu, slnguyenlieu) VALUES ('15', '24', '0.05') ON CONFLICT DO NOTHING;
INSERT INTO public.congthuc (masanpham, manguyenlieu, slnguyenlieu) VALUES ('16', '9', '0.15') ON CONFLICT DO NOTHING;
INSERT INTO public.congthuc (masanpham, manguyenlieu, slnguyenlieu) VALUES ('16', '19', '0.10') ON CONFLICT DO NOTHING;
INSERT INTO public.congthuc (masanpham, manguyenlieu, slnguyenlieu) VALUES ('16', '20', '0.05') ON CONFLICT DO NOTHING;
INSERT INTO public.congthuc (masanpham, manguyenlieu, slnguyenlieu) VALUES ('17', '32', '0.10') ON CONFLICT DO NOTHING;
INSERT INTO public.congthuc (masanpham, manguyenlieu, slnguyenlieu) VALUES ('17', '2', '0.10') ON CONFLICT DO NOTHING;
INSERT INTO public.congthuc (masanpham, manguyenlieu, slnguyenlieu) VALUES ('17', '45', '0.01') ON CONFLICT DO NOTHING;
INSERT INTO public.congthuc (masanpham, manguyenlieu, slnguyenlieu) VALUES ('17', '46', '0.02') ON CONFLICT DO NOTHING;
INSERT INTO public.congthuc (masanpham, manguyenlieu, slnguyenlieu) VALUES ('18', '2', '0.20') ON CONFLICT DO NOTHING;
INSERT INTO public.congthuc (masanpham, manguyenlieu, slnguyenlieu) VALUES ('18', '30', '0.05') ON CONFLICT DO NOTHING;
INSERT INTO public.congthuc (masanpham, manguyenlieu, slnguyenlieu) VALUES ('20', '33', '1.00') ON CONFLICT DO NOTHING;
INSERT INTO public.congthuc (masanpham, manguyenlieu, slnguyenlieu) VALUES ('20', '45', '0.01') ON CONFLICT DO NOTHING;
INSERT INTO public.congthuc (masanpham, manguyenlieu, slnguyenlieu) VALUES ('21', '25', '0.20') ON CONFLICT DO NOTHING;
INSERT INTO public.congthuc (masanpham, manguyenlieu, slnguyenlieu) VALUES ('21', '34', '1.00') ON CONFLICT DO NOTHING;
INSERT INTO public.congthuc (masanpham, manguyenlieu, slnguyenlieu) VALUES ('21', '30', '0.02') ON CONFLICT DO NOTHING;
INSERT INTO public.congthuc (masanpham, manguyenlieu, slnguyenlieu) VALUES ('23', '18', '0.20') ON CONFLICT DO NOTHING;
INSERT INTO public.congthuc (masanpham, manguyenlieu, slnguyenlieu) VALUES ('23', '6', '0.10') ON CONFLICT DO NOTHING;
INSERT INTO public.congthuc (masanpham, manguyenlieu, slnguyenlieu) VALUES ('23', '7', '0.30') ON CONFLICT DO NOTHING;
INSERT INTO public.congthuc (masanpham, manguyenlieu, slnguyenlieu) VALUES ('24', '30', '0.01') ON CONFLICT DO NOTHING;

-- khuyenmai (2 rows)
INSERT INTO public.khuyenmai (id_khuyenmai, masanpham, makhuyenmai, giatri, ngaybatdau, ngayketthuc, trangthai) VALUES ('1', '1', '101', '5000', '2025-01-01', '2025-12-31', 'Đang áp dụng') ON CONFLICT DO NOTHING;
INSERT INTO public.khuyenmai (id_khuyenmai, masanpham, makhuyenmai, giatri, ngaybatdau, ngayketthuc, trangthai) VALUES ('2', '3', '102', '8000', '2025-01-01', '2025-06-30', 'Đang áp dụng') ON CONFLICT DO NOTHING;

-- phieunhapkho (2 rows)
INSERT INTO public.phieunhapkho (maphieunhap, id_restaurant, nhacungcap, manhanvien, ngaynhap, tongtien, ghichu, mapieunhap) VALUES ('1', '1', 'Nhà cung cấp A', '1', '2025-12-16 00:00:00+07', '2358000.0000', 'Nhập nguyên liệu pha chế', '1') ON CONFLICT DO NOTHING;
INSERT INTO public.phieunhapkho (maphieunhap, id_restaurant, nhacungcap, manhanvien, ngaynhap, tongtien, ghichu, mapieunhap) VALUES ('2', '1', 'Nhà cung cấp B', '4', '2025-12-16 00:00:00+07', '5550000.0000', 'Nhập nguyên liệu bếp', '2') ON CONFLICT DO NOTHING;

-- chitietphieunhap (10 rows)
INSERT INTO public.chitietphieunhap (maphieunhap, manguyenlieu, soluongnhap, gianhap, ngayhethan) VALUES ('1', '1', '5.0000', '80000.0000', '2026-12-01') ON CONFLICT DO NOTHING;
INSERT INTO public.chitietphieunhap (maphieunhap, manguyenlieu, soluongnhap, gianhap, ngayhethan) VALUES ('1', '2', '20.0000', '30000.0000', '2026-03-01') ON CONFLICT DO NOTHING;
INSERT INTO public.chitietphieunhap (maphieunhap, manguyenlieu, soluongnhap, gianhap, ngayhethan) VALUES ('1', '30', '12.0000', '24000.0000', '2027-01-01') ON CONFLICT DO NOTHING;
INSERT INTO public.chitietphieunhap (maphieunhap, manguyenlieu, soluongnhap, gianhap, ngayhethan) VALUES ('1', '42', '10.0000', '35000.0000', '2026-06-01') ON CONFLICT DO NOTHING;
INSERT INTO public.chitietphieunhap (maphieunhap, manguyenlieu, soluongnhap, gianhap, ngayhethan) VALUES ('1', '43', '12.0000', '60000.0000', '2027-05-01') ON CONFLICT DO NOTHING;
INSERT INTO public.chitietphieunhap (maphieunhap, manguyenlieu, soluongnhap, gianhap, ngayhethan) VALUES ('2', '4', '10.0000', '250000.0000', '2026-02-15') ON CONFLICT DO NOTHING;
INSERT INTO public.chitietphieunhap (maphieunhap, manguyenlieu, soluongnhap, gianhap, ngayhethan) VALUES ('2', '8', '15.0000', '60000.0000', '2026-02-15') ON CONFLICT DO NOTHING;
INSERT INTO public.chitietphieunhap (maphieunhap, manguyenlieu, soluongnhap, gianhap, ngayhethan) VALUES ('2', '17', '50.0000', '22000.0000', '2026-12-31') ON CONFLICT DO NOTHING;
INSERT INTO public.chitietphieunhap (maphieunhap, manguyenlieu, soluongnhap, gianhap, ngayhethan) VALUES ('2', '19', '5.0000', '20000.0000', '2026-02-10') ON CONFLICT DO NOTHING;
INSERT INTO public.chitietphieunhap (maphieunhap, manguyenlieu, soluongnhap, gianhap, ngayhethan) VALUES ('2', '28', '5.0000', '190000.0000', '2026-08-01') ON CONFLICT DO NOTHING;

-- yeucaudon (11 rows)
INSERT INTO public.yeucaudon (madonhang, id_restaurant, trangthaithanhtoan, thoigianthanhtoan, ngaytaodon, mataikhoan, id_thanhtoan, ghichu, id_giamgia, maban, manhanvien, giosudung, tongtien) VALUES ('76', '1', 'đã thanh toán', '2026-02-05 09:33:14.621', '2026-02-05 16:32:39.190643', '1', '2', NULL, NULL, '11', NULL, '2026-02-05 11:31:00', '10000') ON CONFLICT DO NOTHING;
INSERT INTO public.yeucaudon (madonhang, id_restaurant, trangthaithanhtoan, thoigianthanhtoan, ngaytaodon, mataikhoan, id_thanhtoan, ghichu, id_giamgia, maban, manhanvien, giosudung, tongtien) VALUES ('78', '1', 'chưa thanh toán', NULL, '2026-02-05 17:04:54.629774', '66', '2', NULL, NULL, '2', '9', '2026-02-05 10:04:43.593', '10000') ON CONFLICT DO NOTHING;
INSERT INTO public.yeucaudon (madonhang, id_restaurant, trangthaithanhtoan, thoigianthanhtoan, ngaytaodon, mataikhoan, id_thanhtoan, ghichu, id_giamgia, maban, manhanvien, giosudung, tongtien) VALUES ('79', '1', 'đã thanh toán', '2026-03-05 18:55:25.731035', '2026-03-05 18:54:25.57569', '1', '2', NULL, NULL, '9', NULL, '2026-03-05 13:53:00', '35000') ON CONFLICT DO NOTHING;
INSERT INTO public.yeucaudon (madonhang, id_restaurant, trangthaithanhtoan, thoigianthanhtoan, ngaytaodon, mataikhoan, id_thanhtoan, ghichu, id_giamgia, maban, manhanvien, giosudung, tongtien) VALUES ('2', '1', 'đã thanh toán', '2026-01-05 17:39:33.545112', '2026-01-05 17:39:33.545112', '1', '1', NULL, NULL, '6', NULL, '2026-01-05 14:39:00', '225000') ON CONFLICT DO NOTHING;
INSERT INTO public.yeucaudon (madonhang, id_restaurant, trangthaithanhtoan, thoigianthanhtoan, ngaytaodon, mataikhoan, id_thanhtoan, ghichu, id_giamgia, maban, manhanvien, giosudung, tongtien) VALUES ('8', '1', 'đã thanh toán', '2026-01-13 09:09:09.813186', '2026-01-13 09:09:09.813186', '1', '1', NULL, NULL, '11', NULL, '2026-01-13 16:08:00', '100000') ON CONFLICT DO NOTHING;
INSERT INTO public.yeucaudon (madonhang, id_restaurant, trangthaithanhtoan, thoigianthanhtoan, ngaytaodon, mataikhoan, id_thanhtoan, ghichu, id_giamgia, maban, manhanvien, giosudung, tongtien) VALUES ('81', '1', 'chưa thanh toán', NULL, '2026-03-06 15:52:53.055172', '1', '1', NULL, NULL, '5', NULL, '2026-03-06 11:17:00', '35000') ON CONFLICT DO NOTHING;
INSERT INTO public.yeucaudon (madonhang, id_restaurant, trangthaithanhtoan, thoigianthanhtoan, ngaytaodon, mataikhoan, id_thanhtoan, ghichu, id_giamgia, maban, manhanvien, giosudung, tongtien) VALUES ('1', '1', 'đã thanh toán', '2026-01-05 17:39:33.545112', '2026-01-05 17:31:02.460008', '1', '2', NULL, NULL, '7', NULL, '2026-01-05 14:30:00', NULL) ON CONFLICT DO NOTHING;
INSERT INTO public.yeucaudon (madonhang, id_restaurant, trangthaithanhtoan, thoigianthanhtoan, ngaytaodon, mataikhoan, id_thanhtoan, ghichu, id_giamgia, maban, manhanvien, giosudung, tongtien) VALUES ('77', '1', 'đã thanh toán', '2026-02-05 17:03:16.147865', '2026-02-05 17:01:53.746826', '1', '2', NULL, NULL, '10', NULL, '2026-02-05 12:01:00', '10000') ON CONFLICT DO NOTHING;
INSERT INTO public.yeucaudon (madonhang, id_restaurant, trangthaithanhtoan, thoigianthanhtoan, ngaytaodon, mataikhoan, id_thanhtoan, ghichu, id_giamgia, maban, manhanvien, giosudung, tongtien) VALUES ('80', '1', 'chưa thanh toán', NULL, '2026-03-06 15:51:37.746357', '66', '1', NULL, NULL, '15', '9', '2026-03-05 22:15:47.888', '45000') ON CONFLICT DO NOTHING;
INSERT INTO public.yeucaudon (madonhang, id_restaurant, trangthaithanhtoan, thoigianthanhtoan, ngaytaodon, mataikhoan, id_thanhtoan, ghichu, id_giamgia, maban, manhanvien, giosudung, tongtien) VALUES ('82', '1', 'chưa thanh toán', NULL, '2026-03-06 16:14:10.388169', '1', '1', NULL, NULL, '5', NULL, '2026-03-06 13:38:00', '32000') ON CONFLICT DO NOTHING;
INSERT INTO public.yeucaudon (madonhang, id_restaurant, trangthaithanhtoan, thoigianthanhtoan, ngaytaodon, mataikhoan, id_thanhtoan, ghichu, id_giamgia, maban, manhanvien, giosudung, tongtien) VALUES ('83', '1', 'chưa thanh toán', NULL, '2026-03-06 16:19:33.048217', '1', '1', NULL, NULL, '9', NULL, '2026-03-06 21:44:00', '32000') ON CONFLICT DO NOTHING;

-- chitietyeucau (8 rows)
INSERT INTO public.chitietyeucau (madonhang, id_restaurant, masanpham, soluong, trangthai, gia, update_trang_thai_at) VALUES ('8', '1', '1', '1', 'Đã hoàn thành', '30000', '2026-02-05 16:35:18.66501') ON CONFLICT DO NOTHING;
INSERT INTO public.chitietyeucau (madonhang, id_restaurant, masanpham, soluong, trangthai, gia, update_trang_thai_at) VALUES ('8', '1', '3', '1', 'Đã hoàn thành', '45000', '2026-02-05 16:35:18.66501') ON CONFLICT DO NOTHING;
INSERT INTO public.chitietyeucau (madonhang, id_restaurant, masanpham, soluong, trangthai, gia, update_trang_thai_at) VALUES ('1', '1', '1', '2', 'Chờ xác nhận', '30000', '2026-02-05 16:35:18.66501') ON CONFLICT DO NOTHING;
INSERT INTO public.chitietyeucau (madonhang, id_restaurant, masanpham, soluong, trangthai, gia, update_trang_thai_at) VALUES ('79', '1', '5', '1', 'chờ xác nhận', '35000', '2026-03-05 18:54:25.776854') ON CONFLICT DO NOTHING;
INSERT INTO public.chitietyeucau (madonhang, id_restaurant, masanpham, soluong, trangthai, gia, update_trang_thai_at) VALUES ('80', '1', '3', '1', 'chờ xác nhận', '45000', '2026-03-06 15:51:37.750029') ON CONFLICT DO NOTHING;
INSERT INTO public.chitietyeucau (madonhang, id_restaurant, masanpham, soluong, trangthai, gia, update_trang_thai_at) VALUES ('81', '1', '5', '1', 'chờ xác nhận', '35000', '2026-03-06 15:52:53.059226') ON CONFLICT DO NOTHING;
INSERT INTO public.chitietyeucau (madonhang, id_restaurant, masanpham, soluong, trangthai, gia, update_trang_thai_at) VALUES ('82', '1', '7', '1', 'chờ xác nhận', '32000', '2026-03-06 16:14:10.404999') ON CONFLICT DO NOTHING;
INSERT INTO public.chitietyeucau (madonhang, id_restaurant, masanpham, soluong, trangthai, gia, update_trang_thai_at) VALUES ('83', '1', '7', '1', 'chờ xác nhận', '32000', '2026-03-06 16:19:33.054859') ON CONFLICT DO NOTHING;

-- danhgia (92 rows)
INSERT INTO public.danhgia (mataikhoan, masanpham, noidung, sosao, ngaydanhgia) VALUES ('1', '1', 'Ngon tuyệt!', '5', '2025-12-16 12:52:11.83692') ON CONFLICT DO NOTHING;
INSERT INTO public.danhgia (mataikhoan, masanpham, noidung, sosao, ngaydanhgia) VALUES ('2', '3', 'Bình thường', '3', '2025-12-16 12:52:11.83692') ON CONFLICT DO NOTHING;
INSERT INTO public.danhgia (mataikhoan, masanpham, noidung, sosao, ngaydanhgia) VALUES ('1', '9', 'Pizza hải sản rất nhiều topping, đáng tiền.', '5', '2025-12-25 09:18:36.903524') ON CONFLICT DO NOTHING;
INSERT INTO public.danhgia (mataikhoan, masanpham, noidung, sosao, ngaydanhgia) VALUES ('1', '12', 'Gà sốt cay hơi cay quá so với mình.', '4', '2025-12-25 09:18:36.903524') ON CONFLICT DO NOTHING;
INSERT INTO public.danhgia (mataikhoan, masanpham, noidung, sosao, ngaydanhgia) VALUES ('2', '1', 'Trà sữa trân châu hơi ngọt.', '4', '2025-12-25 09:18:36.903524') ON CONFLICT DO NOTHING;
INSERT INTO public.danhgia (mataikhoan, masanpham, noidung, sosao, ngaydanhgia) VALUES ('2', '23', 'Phở bò tái chín nước dùng rất thanh.', '5', '2025-12-25 09:18:36.903524') ON CONFLICT DO NOTHING;
INSERT INTO public.danhgia (mataikhoan, masanpham, noidung, sosao, ngaydanhgia) VALUES ('3', '5', 'Gà rán giòn, giao hàng nhanh.', '5', '2025-12-25 09:18:36.903524') ON CONFLICT DO NOTHING;
INSERT INTO public.danhgia (mataikhoan, masanpham, noidung, sosao, ngaydanhgia) VALUES ('3', '10', 'Mì Ý hơi ít sốt một chút.', '3', '2025-12-25 09:18:36.903524') ON CONFLICT DO NOTHING;
INSERT INTO public.danhgia (mataikhoan, masanpham, noidung, sosao, ngaydanhgia) VALUES ('4', '15', 'Trà đào cam sả rất thơm.', '5', '2025-12-25 09:18:36.903524') ON CONFLICT DO NOTHING;
INSERT INTO public.danhgia (mataikhoan, masanpham, noidung, sosao, ngaydanhgia) VALUES ('6', '22', 'Phở Nam Định rất ngon, chuẩn vị Bắc.', '5', '2025-12-25 09:18:36.903524') ON CONFLICT DO NOTHING;
INSERT INTO public.danhgia (mataikhoan, masanpham, noidung, sosao, ngaydanhgia) VALUES ('6', '3', 'Hamburger bò hơi khô.', '3', '2025-12-25 09:18:36.903524') ON CONFLICT DO NOTHING;
INSERT INTO public.danhgia (mataikhoan, masanpham, noidung, sosao, ngaydanhgia) VALUES ('7', '18', 'Bánh Flan mềm mịn, béo ngậy.', '5', '2025-12-25 09:18:36.903524') ON CONFLICT DO NOTHING;
INSERT INTO public.danhgia (mataikhoan, masanpham, noidung, sosao, ngaydanhgia) VALUES ('8', '13', 'Sinh tố bơ đặc, rất chất lượng.', '5', '2025-12-25 09:18:36.903524') ON CONFLICT DO NOTHING;
INSERT INTO public.danhgia (mataikhoan, masanpham, noidung, sosao, ngaydanhgia) VALUES ('8', '20', 'Sữa chua dẻo ngon nhưng hơi ít.', '4', '2025-12-25 09:18:36.903524') ON CONFLICT DO NOTHING;
INSERT INTO public.danhgia (mataikhoan, masanpham, noidung, sosao, ngaydanhgia) VALUES ('9', '17', 'Chè khúc bạch thanh mát, không quá ngọt.', '5', '2025-12-25 09:18:36.903524') ON CONFLICT DO NOTHING;
INSERT INTO public.danhgia (mataikhoan, masanpham, noidung, sosao, ngaydanhgia) VALUES ('9', '14', 'Khoai tây múi cau rất ngon, lạ miệng.', '4', '2025-12-25 09:18:36.903524') ON CONFLICT DO NOTHING;
INSERT INTO public.danhgia (mataikhoan, masanpham, noidung, sosao, ngaydanhgia) VALUES ('4', '1', 'Hài lòng với dịch vụ và sản phẩm.', '5', '2025-12-16 05:59:01.127809') ON CONFLICT DO NOTHING;
INSERT INTO public.danhgia (mataikhoan, masanpham, noidung, sosao, ngaydanhgia) VALUES ('8', '1', 'Hài lòng với dịch vụ và sản phẩm.', '4', '2025-11-26 03:04:47.418014') ON CONFLICT DO NOTHING;
INSERT INTO public.danhgia (mataikhoan, masanpham, noidung, sosao, ngaydanhgia) VALUES ('3', '3', 'Hài lòng với dịch vụ và sản phẩm.', '3', '2025-12-16 06:12:16.54521') ON CONFLICT DO NOTHING;
INSERT INTO public.danhgia (mataikhoan, masanpham, noidung, sosao, ngaydanhgia) VALUES ('7', '3', 'Chất lượng ổn, đúng như mô tả.', '5', '2025-12-19 17:03:59.217463') ON CONFLICT DO NOTHING;
INSERT INTO public.danhgia (mataikhoan, masanpham, noidung, sosao, ngaydanhgia) VALUES ('1', '3', 'Chất lượng ổn, đúng như mô tả.', '5', '2025-12-09 08:26:35.040229') ON CONFLICT DO NOTHING;
INSERT INTO public.danhgia (mataikhoan, masanpham, noidung, sosao, ngaydanhgia) VALUES ('1', '4', 'Chất lượng ổn, đúng như mô tả.', '4', '2025-12-09 07:58:47.29603') ON CONFLICT DO NOTHING;
INSERT INTO public.danhgia (mataikhoan, masanpham, noidung, sosao, ngaydanhgia) VALUES ('3', '4', 'Hài lòng với dịch vụ và sản phẩm.', '3', '2025-12-20 10:29:49.270565') ON CONFLICT DO NOTHING;
INSERT INTO public.danhgia (mataikhoan, masanpham, noidung, sosao, ngaydanhgia) VALUES ('6', '4', 'Giao hàng nhanh, đóng gói cẩn thận.', '5', '2025-11-28 01:59:35.149212') ON CONFLICT DO NOTHING;
INSERT INTO public.danhgia (mataikhoan, masanpham, noidung, sosao, ngaydanhgia) VALUES ('2', '4', 'Giao hàng nhanh, đóng gói cẩn thận.', '3', '2025-12-10 11:08:15.201139') ON CONFLICT DO NOTHING;
INSERT INTO public.danhgia (mataikhoan, masanpham, noidung, sosao, ngaydanhgia) VALUES ('6', '5', 'Sản phẩm tuyệt vời, rất đáng mua.', '4', '2025-11-28 09:59:03.465542') ON CONFLICT DO NOTHING;
INSERT INTO public.danhgia (mataikhoan, masanpham, noidung, sosao, ngaydanhgia) VALUES ('9', '5', 'Hài lòng với dịch vụ và sản phẩm.', '5', '2025-12-08 10:06:52.262556') ON CONFLICT DO NOTHING;
INSERT INTO public.danhgia (mataikhoan, masanpham, noidung, sosao, ngaydanhgia) VALUES ('1', '5', 'Giao hàng nhanh, đóng gói cẩn thận.', '3', '2025-12-16 12:49:48.873566') ON CONFLICT DO NOTHING;
INSERT INTO public.danhgia (mataikhoan, masanpham, noidung, sosao, ngaydanhgia) VALUES ('3', '7', 'Hài lòng với dịch vụ và sản phẩm.', '5', '2025-12-05 07:54:58.773004') ON CONFLICT DO NOTHING;
INSERT INTO public.danhgia (mataikhoan, masanpham, noidung, sosao, ngaydanhgia) VALUES ('4', '7', 'Hài lòng với dịch vụ và sản phẩm.', '5', '2025-11-28 02:18:52.0359') ON CONFLICT DO NOTHING;
INSERT INTO public.danhgia (mataikhoan, masanpham, noidung, sosao, ngaydanhgia) VALUES ('7', '7', 'Hài lòng với dịch vụ và sản phẩm.', '5', '2025-12-24 00:05:49.236436') ON CONFLICT DO NOTHING;
INSERT INTO public.danhgia (mataikhoan, masanpham, noidung, sosao, ngaydanhgia) VALUES ('6', '7', 'Hài lòng với dịch vụ và sản phẩm.', '3', '2025-12-25 08:57:49.741487') ON CONFLICT DO NOTHING;
INSERT INTO public.danhgia (mataikhoan, masanpham, noidung, sosao, ngaydanhgia) VALUES ('2', '7', 'Dùng rất thích, sẽ ủng hộ shop tiếp.', '4', '2025-12-16 11:03:02.641282') ON CONFLICT DO NOTHING;
INSERT INTO public.danhgia (mataikhoan, masanpham, noidung, sosao, ngaydanhgia) VALUES ('4', '8', 'Dùng rất thích, sẽ ủng hộ shop tiếp.', '5', '2025-11-27 02:19:53.702746') ON CONFLICT DO NOTHING;
INSERT INTO public.danhgia (mataikhoan, masanpham, noidung, sosao, ngaydanhgia) VALUES ('6', '8', 'Hài lòng với dịch vụ và sản phẩm.', '4', '2025-12-15 19:10:24.837012') ON CONFLICT DO NOTHING;
INSERT INTO public.danhgia (mataikhoan, masanpham, noidung, sosao, ngaydanhgia) VALUES ('1', '8', 'Chất lượng ổn, đúng như mô tả.', '4', '2025-12-03 08:04:36.922927') ON CONFLICT DO NOTHING;
INSERT INTO public.danhgia (mataikhoan, masanpham, noidung, sosao, ngaydanhgia) VALUES ('9', '8', 'Sản phẩm tuyệt vời, rất đáng mua.', '3', '2025-12-23 03:48:59.680942') ON CONFLICT DO NOTHING;
INSERT INTO public.danhgia (mataikhoan, masanpham, noidung, sosao, ngaydanhgia) VALUES ('7', '8', 'Giao hàng nhanh, đóng gói cẩn thận.', '5', '2025-11-28 20:21:26.959879') ON CONFLICT DO NOTHING;
INSERT INTO public.danhgia (mataikhoan, masanpham, noidung, sosao, ngaydanhgia) VALUES ('4', '9', 'Hài lòng với dịch vụ và sản phẩm.', '3', '2025-12-11 10:35:03.252229') ON CONFLICT DO NOTHING;
INSERT INTO public.danhgia (mataikhoan, masanpham, noidung, sosao, ngaydanhgia) VALUES ('3', '9', 'Chất lượng ổn, đúng như mô tả.', '3', '2025-12-22 20:32:58.388423') ON CONFLICT DO NOTHING;
INSERT INTO public.danhgia (mataikhoan, masanpham, noidung, sosao, ngaydanhgia) VALUES ('7', '9', 'Sản phẩm tuyệt vời, rất đáng mua.', '3', '2025-11-30 21:16:45.501226') ON CONFLICT DO NOTHING;
INSERT INTO public.danhgia (mataikhoan, masanpham, noidung, sosao, ngaydanhgia) VALUES ('6', '9', 'Sản phẩm tuyệt vời, rất đáng mua.', '4', '2025-12-06 15:55:07.446316') ON CONFLICT DO NOTHING;
INSERT INTO public.danhgia (mataikhoan, masanpham, noidung, sosao, ngaydanhgia) VALUES ('6', '10', 'Sản phẩm tuyệt vời, rất đáng mua.', '5', '2025-12-23 02:41:21.454335') ON CONFLICT DO NOTHING;
INSERT INTO public.danhgia (mataikhoan, masanpham, noidung, sosao, ngaydanhgia) VALUES ('8', '10', 'Chất lượng ổn, đúng như mô tả.', '4', '2025-11-29 04:10:39.257935') ON CONFLICT DO NOTHING;
INSERT INTO public.danhgia (mataikhoan, masanpham, noidung, sosao, ngaydanhgia) VALUES ('7', '10', 'Hài lòng với dịch vụ và sản phẩm.', '4', '2025-11-30 09:05:19.597304') ON CONFLICT DO NOTHING;
INSERT INTO public.danhgia (mataikhoan, masanpham, noidung, sosao, ngaydanhgia) VALUES ('2', '11', 'Hài lòng với dịch vụ và sản phẩm.', '3', '2025-12-19 18:56:53.004578') ON CONFLICT DO NOTHING;
INSERT INTO public.danhgia (mataikhoan, masanpham, noidung, sosao, ngaydanhgia) VALUES ('9', '11', 'Hài lòng với dịch vụ và sản phẩm.', '3', '2025-11-27 03:13:19.455936') ON CONFLICT DO NOTHING;
INSERT INTO public.danhgia (mataikhoan, masanpham, noidung, sosao, ngaydanhgia) VALUES ('1', '11', 'Giao hàng nhanh, đóng gói cẩn thận.', '4', '2025-12-14 00:43:27.012032') ON CONFLICT DO NOTHING;
INSERT INTO public.danhgia (mataikhoan, masanpham, noidung, sosao, ngaydanhgia) VALUES ('4', '11', 'Dùng rất thích, sẽ ủng hộ shop tiếp.', '3', '2025-12-19 20:41:34.019248') ON CONFLICT DO NOTHING;
INSERT INTO public.danhgia (mataikhoan, masanpham, noidung, sosao, ngaydanhgia) VALUES ('4', '12', 'Sản phẩm tuyệt vời, rất đáng mua.', '4', '2025-12-21 00:05:00.933464') ON CONFLICT DO NOTHING;
INSERT INTO public.danhgia (mataikhoan, masanpham, noidung, sosao, ngaydanhgia) VALUES ('9', '12', 'Chất lượng ổn, đúng như mô tả.', '4', '2025-12-15 19:52:30.956623') ON CONFLICT DO NOTHING;
INSERT INTO public.danhgia (mataikhoan, masanpham, noidung, sosao, ngaydanhgia) VALUES ('2', '12', 'Sản phẩm tuyệt vời, rất đáng mua.', '4', '2025-12-20 22:23:48.324723') ON CONFLICT DO NOTHING;
INSERT INTO public.danhgia (mataikhoan, masanpham, noidung, sosao, ngaydanhgia) VALUES ('3', '13', 'Sản phẩm tuyệt vời, rất đáng mua.', '4', '2025-12-02 21:49:31.878636') ON CONFLICT DO NOTHING;
INSERT INTO public.danhgia (mataikhoan, masanpham, noidung, sosao, ngaydanhgia) VALUES ('2', '13', 'Hài lòng với dịch vụ và sản phẩm.', '5', '2025-12-24 00:53:25.863059') ON CONFLICT DO NOTHING;
INSERT INTO public.danhgia (mataikhoan, masanpham, noidung, sosao, ngaydanhgia) VALUES ('7', '13', 'Giao hàng nhanh, đóng gói cẩn thận.', '4', '2025-12-20 09:52:15.033611') ON CONFLICT DO NOTHING;
INSERT INTO public.danhgia (mataikhoan, masanpham, noidung, sosao, ngaydanhgia) VALUES ('4', '13', 'Hài lòng với dịch vụ và sản phẩm.', '3', '2025-12-12 05:51:32.04171') ON CONFLICT DO NOTHING;
INSERT INTO public.danhgia (mataikhoan, masanpham, noidung, sosao, ngaydanhgia) VALUES ('6', '14', 'Chất lượng ổn, đúng như mô tả.', '4', '2025-12-14 10:03:41.64306') ON CONFLICT DO NOTHING;
INSERT INTO public.danhgia (mataikhoan, masanpham, noidung, sosao, ngaydanhgia) VALUES ('1', '14', 'Chất lượng ổn, đúng như mô tả.', '5', '2025-12-22 01:20:08.505903') ON CONFLICT DO NOTHING;
INSERT INTO public.danhgia (mataikhoan, masanpham, noidung, sosao, ngaydanhgia) VALUES ('3', '14', 'Sản phẩm tuyệt vời, rất đáng mua.', '3', '2025-11-28 09:30:09.535028') ON CONFLICT DO NOTHING;
INSERT INTO public.danhgia (mataikhoan, masanpham, noidung, sosao, ngaydanhgia) VALUES ('2', '14', 'Sản phẩm tuyệt vời, rất đáng mua.', '5', '2025-11-30 11:52:00.523484') ON CONFLICT DO NOTHING;
INSERT INTO public.danhgia (mataikhoan, masanpham, noidung, sosao, ngaydanhgia) VALUES ('7', '15', 'Dùng rất thích, sẽ ủng hộ shop tiếp.', '3', '2025-12-09 19:08:33.27388') ON CONFLICT DO NOTHING;
INSERT INTO public.danhgia (mataikhoan, masanpham, noidung, sosao, ngaydanhgia) VALUES ('9', '15', 'Sản phẩm tuyệt vời, rất đáng mua.', '3', '2025-12-15 11:09:00.711092') ON CONFLICT DO NOTHING;
INSERT INTO public.danhgia (mataikhoan, masanpham, noidung, sosao, ngaydanhgia) VALUES ('3', '15', 'Giao hàng nhanh, đóng gói cẩn thận.', '4', '2025-12-15 12:03:11.384524') ON CONFLICT DO NOTHING;
INSERT INTO public.danhgia (mataikhoan, masanpham, noidung, sosao, ngaydanhgia) VALUES ('1', '16', 'Chất lượng ổn, đúng như mô tả.', '3', '2025-12-04 16:42:15.648764') ON CONFLICT DO NOTHING;
INSERT INTO public.danhgia (mataikhoan, masanpham, noidung, sosao, ngaydanhgia) VALUES ('7', '16', 'Hài lòng với dịch vụ và sản phẩm.', '3', '2025-12-02 14:31:44.445199') ON CONFLICT DO NOTHING;
INSERT INTO public.danhgia (mataikhoan, masanpham, noidung, sosao, ngaydanhgia) VALUES ('4', '16', 'Hài lòng với dịch vụ và sản phẩm.', '4', '2025-12-20 14:24:33.323321') ON CONFLICT DO NOTHING;
INSERT INTO public.danhgia (mataikhoan, masanpham, noidung, sosao, ngaydanhgia) VALUES ('9', '16', 'Chất lượng ổn, đúng như mô tả.', '5', '2025-12-08 19:34:38.118879') ON CONFLICT DO NOTHING;
INSERT INTO public.danhgia (mataikhoan, masanpham, noidung, sosao, ngaydanhgia) VALUES ('7', '17', 'Hài lòng với dịch vụ và sản phẩm.', '3', '2025-12-18 22:13:09.875355') ON CONFLICT DO NOTHING;
INSERT INTO public.danhgia (mataikhoan, masanpham, noidung, sosao, ngaydanhgia) VALUES ('4', '17', 'Sản phẩm tuyệt vời, rất đáng mua.', '3', '2025-12-22 14:50:52.615522') ON CONFLICT DO NOTHING;
INSERT INTO public.danhgia (mataikhoan, masanpham, noidung, sosao, ngaydanhgia) VALUES ('1', '17', 'Chất lượng ổn, đúng như mô tả.', '4', '2025-12-10 01:53:52.792505') ON CONFLICT DO NOTHING;
INSERT INTO public.danhgia (mataikhoan, masanpham, noidung, sosao, ngaydanhgia) VALUES ('6', '17', 'Dùng rất thích, sẽ ủng hộ shop tiếp.', '4', '2025-12-10 07:42:03.617398') ON CONFLICT DO NOTHING;
INSERT INTO public.danhgia (mataikhoan, masanpham, noidung, sosao, ngaydanhgia) VALUES ('4', '18', 'Chất lượng ổn, đúng như mô tả.', '5', '2025-11-30 14:30:41.737877') ON CONFLICT DO NOTHING;
INSERT INTO public.danhgia (mataikhoan, masanpham, noidung, sosao, ngaydanhgia) VALUES ('8', '18', 'Hài lòng với dịch vụ và sản phẩm.', '3', '2025-12-01 16:02:12.38855') ON CONFLICT DO NOTHING;
INSERT INTO public.danhgia (mataikhoan, masanpham, noidung, sosao, ngaydanhgia) VALUES ('9', '18', 'Chất lượng ổn, đúng như mô tả.', '3', '2025-12-09 05:44:34.103586') ON CONFLICT DO NOTHING;
INSERT INTO public.danhgia (mataikhoan, masanpham, noidung, sosao, ngaydanhgia) VALUES ('1', '18', 'Sản phẩm tuyệt vời, rất đáng mua.', '4', '2025-12-25 02:25:58.399312') ON CONFLICT DO NOTHING;
INSERT INTO public.danhgia (mataikhoan, masanpham, noidung, sosao, ngaydanhgia) VALUES ('9', '20', 'Hài lòng với dịch vụ và sản phẩm.', '5', '2025-12-06 13:10:16.559798') ON CONFLICT DO NOTHING;
INSERT INTO public.danhgia (mataikhoan, masanpham, noidung, sosao, ngaydanhgia) VALUES ('6', '20', 'Sản phẩm tuyệt vời, rất đáng mua.', '3', '2025-11-29 20:27:38.066118') ON CONFLICT DO NOTHING;
INSERT INTO public.danhgia (mataikhoan, masanpham, noidung, sosao, ngaydanhgia) VALUES ('3', '20', 'Dùng rất thích, sẽ ủng hộ shop tiếp.', '4', '2025-11-30 21:03:08.098678') ON CONFLICT DO NOTHING;
INSERT INTO public.danhgia (mataikhoan, masanpham, noidung, sosao, ngaydanhgia) VALUES ('2', '20', 'Dùng rất thích, sẽ ủng hộ shop tiếp.', '4', '2025-12-17 07:34:44.141184') ON CONFLICT DO NOTHING;
INSERT INTO public.danhgia (mataikhoan, masanpham, noidung, sosao, ngaydanhgia) VALUES ('3', '21', 'Hài lòng với dịch vụ và sản phẩm.', '5', '2025-12-13 11:14:30.046952') ON CONFLICT DO NOTHING;
INSERT INTO public.danhgia (mataikhoan, masanpham, noidung, sosao, ngaydanhgia) VALUES ('2', '21', 'Dùng rất thích, sẽ ủng hộ shop tiếp.', '5', '2025-12-03 21:58:30.752405') ON CONFLICT DO NOTHING;
INSERT INTO public.danhgia (mataikhoan, masanpham, noidung, sosao, ngaydanhgia) VALUES ('8', '21', 'Hài lòng với dịch vụ và sản phẩm.', '4', '2025-12-06 12:08:53.289307') ON CONFLICT DO NOTHING;
INSERT INTO public.danhgia (mataikhoan, masanpham, noidung, sosao, ngaydanhgia) VALUES ('6', '21', 'Giao hàng nhanh, đóng gói cẩn thận.', '4', '2025-12-20 09:58:25.359704') ON CONFLICT DO NOTHING;
INSERT INTO public.danhgia (mataikhoan, masanpham, noidung, sosao, ngaydanhgia) VALUES ('9', '21', 'Chất lượng ổn, đúng như mô tả.', '5', '2025-12-05 20:56:22.015033') ON CONFLICT DO NOTHING;
INSERT INTO public.danhgia (mataikhoan, masanpham, noidung, sosao, ngaydanhgia) VALUES ('4', '22', 'Giao hàng nhanh, đóng gói cẩn thận.', '3', '2025-11-27 04:22:07.39943') ON CONFLICT DO NOTHING;
INSERT INTO public.danhgia (mataikhoan, masanpham, noidung, sosao, ngaydanhgia) VALUES ('9', '22', 'Chất lượng ổn, đúng như mô tả.', '5', '2025-12-22 03:20:24.440517') ON CONFLICT DO NOTHING;
INSERT INTO public.danhgia (mataikhoan, masanpham, noidung, sosao, ngaydanhgia) VALUES ('8', '22', 'Giao hàng nhanh, đóng gói cẩn thận.', '5', '2025-11-27 03:04:49.253398') ON CONFLICT DO NOTHING;
INSERT INTO public.danhgia (mataikhoan, masanpham, noidung, sosao, ngaydanhgia) VALUES ('6', '23', 'Chất lượng ổn, đúng như mô tả.', '5', '2025-12-22 11:38:06.820694') ON CONFLICT DO NOTHING;
INSERT INTO public.danhgia (mataikhoan, masanpham, noidung, sosao, ngaydanhgia) VALUES ('9', '23', 'Giao hàng nhanh, đóng gói cẩn thận.', '5', '2025-12-24 10:26:44.60293') ON CONFLICT DO NOTHING;
INSERT INTO public.danhgia (mataikhoan, masanpham, noidung, sosao, ngaydanhgia) VALUES ('3', '23', 'Giao hàng nhanh, đóng gói cẩn thận.', '4', '2025-12-22 19:09:36.779424') ON CONFLICT DO NOTHING;
INSERT INTO public.danhgia (mataikhoan, masanpham, noidung, sosao, ngaydanhgia) VALUES ('8', '23', 'Hài lòng với dịch vụ và sản phẩm.', '3', '2025-12-12 12:33:58.530422') ON CONFLICT DO NOTHING;
INSERT INTO public.danhgia (mataikhoan, masanpham, noidung, sosao, ngaydanhgia) VALUES ('66', '1', 'Sản phẩm này rất tuyệt vời okokokokoko!', '5', '2026-01-15 17:00:00') ON CONFLICT DO NOTHING;

-- yeuthich (3 rows)
INSERT INTO public.yeuthich (mataikhoan, masanpham, ngaythem) VALUES ('1', '1', '2025-12-16 12:52:21.220371') ON CONFLICT DO NOTHING;
INSERT INTO public.yeuthich (mataikhoan, masanpham, ngaythem) VALUES ('1', '3', '2025-12-16 12:52:21.220371') ON CONFLICT DO NOTHING;
INSERT INTO public.yeuthich (mataikhoan, masanpham, ngaythem) VALUES ('2', '4', '2025-12-16 12:52:21.220371') ON CONFLICT DO NOTHING;

-- thongtin_nganhang (36 rows)
INSERT INTO public.thongtin_nganhang (id, bank_id, account_no, template, account_name, content, id_restaurant) VALUES ('1', '970415', '6868686868', 'compact', 'DUCTOAN RESTAURANT', 'Thanh toan', '1') ON CONFLICT DO NOTHING;
INSERT INTO public.thongtin_nganhang (id, bank_id, account_no, template, account_name, content, id_restaurant) VALUES ('2', '970436', '6868686868', 'compact', 'DUCTOAN RESTAURANT', 'Thanh toan', '1') ON CONFLICT DO NOTHING;
INSERT INTO public.thongtin_nganhang (id, bank_id, account_no, template, account_name, content, id_restaurant) VALUES ('3', '970418', '6868686868', 'compact', 'DUCTOAN RESTAURANT', 'Thanh toan', '1') ON CONFLICT DO NOTHING;
INSERT INTO public.thongtin_nganhang (id, bank_id, account_no, template, account_name, content, id_restaurant) VALUES ('4', '970405', '6868686868', 'compact', 'DUCTOAN RESTAURANT', 'Thanh toan', '1') ON CONFLICT DO NOTHING;
INSERT INTO public.thongtin_nganhang (id, bank_id, account_no, template, account_name, content, id_restaurant) VALUES ('5', '970448', '6868686868', 'compact', 'DUCTOAN RESTAURANT', 'Thanh toan', '1') ON CONFLICT DO NOTHING;
INSERT INTO public.thongtin_nganhang (id, bank_id, account_no, template, account_name, content, id_restaurant) VALUES ('6', '970422', '6868686868', 'compact', 'DUCTOAN RESTAURANT', 'Thanh toan', '1') ON CONFLICT DO NOTHING;
INSERT INTO public.thongtin_nganhang (id, bank_id, account_no, template, account_name, content, id_restaurant) VALUES ('7', '970407', '6868686868', 'compact', 'DUCTOAN RESTAURANT', 'Thanh toan', '1') ON CONFLICT DO NOTHING;
INSERT INTO public.thongtin_nganhang (id, bank_id, account_no, template, account_name, content, id_restaurant) VALUES ('8', '970416', '6868686868', 'compact', 'DUCTOAN RESTAURANT', 'Thanh toan', '1') ON CONFLICT DO NOTHING;
INSERT INTO public.thongtin_nganhang (id, bank_id, account_no, template, account_name, content, id_restaurant) VALUES ('9', '970432', '6868686868', 'compact', 'DUCTOAN RESTAURANT', 'Thanh toan', '1') ON CONFLICT DO NOTHING;
INSERT INTO public.thongtin_nganhang (id, bank_id, account_no, template, account_name, content, id_restaurant) VALUES ('10', '970423', '6868686868', 'compact', 'DUCTOAN RESTAURANT', 'Thanh toan', '1') ON CONFLICT DO NOTHING;
INSERT INTO public.thongtin_nganhang (id, bank_id, account_no, template, account_name, content, id_restaurant) VALUES ('11', '970403', '6868686868', 'compact', 'DUCTOAN RESTAURANT', 'Thanh toan', '1') ON CONFLICT DO NOTHING;
INSERT INTO public.thongtin_nganhang (id, bank_id, account_no, template, account_name, content, id_restaurant) VALUES ('12', '970437', '6868686868', 'compact', 'DUCTOAN RESTAURANT', 'Thanh toan', '1') ON CONFLICT DO NOTHING;
INSERT INTO public.thongtin_nganhang (id, bank_id, account_no, template, account_name, content, id_restaurant) VALUES ('13', '970454', '6868686868', 'compact', 'DUCTOAN RESTAURANT', 'Thanh toan', '1') ON CONFLICT DO NOTHING;
INSERT INTO public.thongtin_nganhang (id, bank_id, account_no, template, account_name, content, id_restaurant) VALUES ('14', '970429', '6868686868', 'compact', 'DUCTOAN RESTAURANT', 'Thanh toan', '1') ON CONFLICT DO NOTHING;
INSERT INTO public.thongtin_nganhang (id, bank_id, account_no, template, account_name, content, id_restaurant) VALUES ('15', '970441', '6868686868', 'compact', 'DUCTOAN RESTAURANT', 'Thanh toan', '1') ON CONFLICT DO NOTHING;
INSERT INTO public.thongtin_nganhang (id, bank_id, account_no, template, account_name, content, id_restaurant) VALUES ('16', '970443', '6868686868', 'compact', 'DUCTOAN RESTAURANT', 'Thanh toan', '1') ON CONFLICT DO NOTHING;
INSERT INTO public.thongtin_nganhang (id, bank_id, account_no, template, account_name, content, id_restaurant) VALUES ('17', '970431', '6868686868', 'compact', 'DUCTOAN RESTAURANT', 'Thanh toan', '1') ON CONFLICT DO NOTHING;
INSERT INTO public.thongtin_nganhang (id, bank_id, account_no, template, account_name, content, id_restaurant) VALUES ('18', '970426', '6868686868', 'compact', 'DUCTOAN RESTAURANT', 'Thanh toan', '1') ON CONFLICT DO NOTHING;
INSERT INTO public.thongtin_nganhang (id, bank_id, account_no, template, account_name, content, id_restaurant) VALUES ('19', '546034', '6868686868', 'compact', 'DUCTOAN RESTAURANT', 'Thanh toan', '1') ON CONFLICT DO NOTHING;
INSERT INTO public.thongtin_nganhang (id, bank_id, account_no, template, account_name, content, id_restaurant) VALUES ('20', '546035', '6868686868', 'compact', 'DUCTOAN RESTAURANT', 'Thanh toan', '1') ON CONFLICT DO NOTHING;
INSERT INTO public.thongtin_nganhang (id, bank_id, account_no, template, account_name, content, id_restaurant) VALUES ('21', '971005', '6868686868', 'compact', 'DUCTOAN RESTAURANT', 'Thanh toan', '1') ON CONFLICT DO NOTHING;
INSERT INTO public.thongtin_nganhang (id, bank_id, account_no, template, account_name, content, id_restaurant) VALUES ('22', '963388', '6868686868', 'compact', 'DUCTOAN RESTAURANT', 'Thanh toan', '1') ON CONFLICT DO NOTHING;
INSERT INTO public.thongtin_nganhang (id, bank_id, account_no, template, account_name, content, id_restaurant) VALUES ('23', '971011', '6868686868', 'compact', 'DUCTOAN RESTAURANT', 'Thanh toan', '1') ON CONFLICT DO NOTHING;
INSERT INTO public.thongtin_nganhang (id, bank_id, account_no, template, account_name, content, id_restaurant) VALUES ('24', '970400', '6868686868', 'compact', 'DUCTOAN RESTAURANT', 'Thanh toan', '1') ON CONFLICT DO NOTHING;
INSERT INTO public.thongtin_nganhang (id, bank_id, account_no, template, account_name, content, id_restaurant) VALUES ('25', '970409', '6868686868', 'compact', 'DUCTOAN RESTAURANT', 'Thanh toan', '1') ON CONFLICT DO NOTHING;
INSERT INTO public.thongtin_nganhang (id, bank_id, account_no, template, account_name, content, id_restaurant) VALUES ('26', '971025', '6868686868', 'compact', 'DUCTOAN RESTAURANT', 'Thanh toan', '1') ON CONFLICT DO NOTHING;
INSERT INTO public.thongtin_nganhang (id, bank_id, account_no, template, account_name, content, id_restaurant) VALUES ('27', '971133', '6868686868', 'compact', 'DUCTOAN RESTAURANT', 'Thanh toan', '1') ON CONFLICT DO NOTHING;
INSERT INTO public.thongtin_nganhang (id, bank_id, account_no, template, account_name, content, id_restaurant) VALUES ('28', '970412', '6868686868', 'compact', 'DUCTOAN RESTAURANT', 'Thanh toan', '1') ON CONFLICT DO NOTHING;
INSERT INTO public.thongtin_nganhang (id, bank_id, account_no, template, account_name, content, id_restaurant) VALUES ('29', '970414', '6868686868', 'compact', 'DUCTOAN RESTAURANT', 'Thanh toan', '1') ON CONFLICT DO NOTHING;
INSERT INTO public.thongtin_nganhang (id, bank_id, account_no, template, account_name, content, id_restaurant) VALUES ('30', '970419', '6868686868', 'compact', 'DUCTOAN RESTAURANT', 'Thanh toan', '1') ON CONFLICT DO NOTHING;
INSERT INTO public.thongtin_nganhang (id, bank_id, account_no, template, account_name, content, id_restaurant) VALUES ('31', '970424', '6868686868', 'compact', 'DUCTOAN RESTAURANT', 'Thanh toan', '1') ON CONFLICT DO NOTHING;
INSERT INTO public.thongtin_nganhang (id, bank_id, account_no, template, account_name, content, id_restaurant) VALUES ('32', '970425', '6868686868', 'compact', 'DUCTOAN RESTAURANT', 'Thanh toan', '1') ON CONFLICT DO NOTHING;
INSERT INTO public.thongtin_nganhang (id, bank_id, account_no, template, account_name, content, id_restaurant) VALUES ('33', '970427', '6868686868', 'compact', 'DUCTOAN RESTAURANT', 'Thanh toan', '1') ON CONFLICT DO NOTHING;
INSERT INTO public.thongtin_nganhang (id, bank_id, account_no, template, account_name, content, id_restaurant) VALUES ('34', '970428', '6868686868', 'compact', 'DUCTOAN RESTAURANT', 'Thanh toan', '1') ON CONFLICT DO NOTHING;
INSERT INTO public.thongtin_nganhang (id, bank_id, account_no, template, account_name, content, id_restaurant) VALUES ('35', '970430', '6868686868', 'compact', 'DUCTOAN RESTAURANT', 'Thanh toan', '1') ON CONFLICT DO NOTHING;
INSERT INTO public.thongtin_nganhang (id, bank_id, account_no, template, account_name, content, id_restaurant) VALUES ('36', '970433', '6868686868', 'compact', 'DUCTOAN RESTAURANT', 'Thanh toan', '1') ON CONFLICT DO NOTHING;

-- Update sequences
SELECT setval('public.ban_maban_seq', COALESCE((SELECT MAX(maban) FROM public.ban), 1));
SELECT setval('public.danhmuc_madanhmuc_seq', COALESCE((SELECT MAX(madanhmuc) FROM public.danhmuc), 1));
SELECT setval('public.giamgia_id_giamgia_seq', COALESCE((SELECT MAX(id_giamgia) FROM public.giamgia), 1));
SELECT setval('public.khachhang_mataikhoan_seq', COALESCE((SELECT MAX(mataikhoan) FROM public.khachhang), 1));
SELECT setval('public.listimage_id_anh_seq', COALESCE((SELECT MAX(id_anh) FROM public.listimage), 1));
SELECT setval('public.nguyenlieu_manguyenlieu_seq', COALESCE((SELECT MAX(manguyenlieu) FROM public.nguyenlieu), 1));
SELECT setval('public.nhanvien_manhanvien_seq', COALESCE((SELECT MAX(manhanvien) FROM public.nhanvien), 1));
SELECT setval('public.restaurant_id_restaurant_seq', COALESCE((SELECT MAX(id_restaurant) FROM public.restaurant), 1));
SELECT setval('public.sanpham_masanpham_seq', COALESCE((SELECT MAX(masanpham) FROM public.sanpham), 1));
SELECT setval('public.yeucaudon_madonhang_seq', COALESCE((SELECT MAX(madonhang) FROM public.yeucaudon), 1));