-- PART 4: congthuc, listimage, khuyenmai, phieunhapkho

-- congthuc
INSERT INTO public.congthuc (masanpham, manguyenlieu, slnguyenlieu) VALUES ('1', '41', '0.02') ON CONFLICT DO NOTHING;
INSERT INTO public.congthuc (masanpham, manguyenlieu, slnguyenlieu) VALUES ('1', '31', '0.03') ON CONFLICT DO NOTHING;
INSERT INTO public.congthuc (masanpham, manguyenlieu, slnguyenlieu) VALUES ('1', '42', '0.05') ON CONFLICT DO NOTHING;
INSERT INTO public.congthuc (masanpham, manguyenlieu, slnguyenlieu) VALUES ('1', '44', '0.02') ON CONFLICT DO NOTHING;
INSERT INTO public.congthuc (masanpham, manguyenlieu, slnguyenlieu) VALUES ('3', '13', '1.00') ON CONFLICT DO NOTHING;
INSERT INTO public.congthuc (masanpham, manguyenlieu, slnguyenlieu) VALUES ('3', '5', '0.10') ON CONFLICT DO NOTHING;
INSERT INTO public.congthuc (masanpham, manguyenlieu, slnguyenlieu) VALUES ('3', '29', '1.00') ON CONFLICT DO NOTHING;
INSERT INTO public.congthuc (masanpham, manguyenlieu, slnguyenlieu) VALUES ('3', '19', '0.02') ON CONFLICT DO NOTHING;
INSERT INTO public.congthuc (masanpham, manguyenlieu, slnguyenlieu) VALUES ('5', '8', '0.25') ON CONFLICT DO NOTHING;
INSERT INTO public.congthuc (masanpham, manguyenlieu, slnguyenlieu) VALUES ('5', '39', '0.05') ON CONFLICT DO NOTHING;
INSERT INTO public.congthuc (masanpham, manguyenlieu, slnguyenlieu) VALUES ('5', '38', '0.01') ON CONFLICT DO NOTHING;
INSERT INTO public.congthuc (masanpham, manguyenlieu, slnguyenlieu) VALUES ('9', '14', '1.00') ON CONFLICT DO NOTHING;
INSERT INTO public.congthuc (masanpham, manguyenlieu, slnguyenlieu) VALUES ('9', '10', '0.05') ON CONFLICT DO NOTHING;
INSERT INTO public.congthuc (masanpham, manguyenlieu, slnguyenlieu) VALUES ('9', '11', '0.05') ON CONFLICT DO NOTHING;
INSERT INTO public.congthuc (masanpham, manguyenlieu, slnguyenlieu) VALUES ('9', '28', '0.08') ON CONFLICT DO NOTHING;
INSERT INTO public.congthuc (masanpham, manguyenlieu, slnguyenlieu) VALUES ('9', '35', '0.03') ON CONFLICT DO NOTHING;
INSERT INTO public.congthuc (masanpham, manguyenlieu, slnguyenlieu) VALUES ('10', '16', '0.10') ON CONFLICT DO NOTHING;
INSERT INTO public.congthuc (masanpham, manguyenlieu, slnguyenlieu) VALUES ('10', '5', '0.08') ON CONFLICT DO NOTHING;
INSERT INTO public.congthuc (masanpham, manguyenlieu, slnguyenlieu) VALUES ('10', '35', '0.05') ON CONFLICT DO NOTHING;
INSERT INTO public.congthuc (masanpham, manguyenlieu, slnguyenlieu) VALUES ('22', '18', '0.20') ON CONFLICT DO NOTHING;
INSERT INTO public.congthuc (masanpham, manguyenlieu, slnguyenlieu) VALUES ('22', '6', '0.08') ON CONFLICT DO NOTHING;
INSERT INTO public.congthuc (masanpham, manguyenlieu, slnguyenlieu) VALUES ('22', '7', '0.20') ON CONFLICT DO NOTHING;
INSERT INTO public.congthuc (masanpham, manguyenlieu, slnguyenlieu) VALUES ('22', '27', '0.01') ON CONFLICT DO NOTHING;
INSERT INTO public.congthuc (masanpham, manguyenlieu, slnguyenlieu) VALUES ('25', '17', '0.15') ON CONFLICT DO NOTHING;
INSERT INTO public.congthuc (masanpham, manguyenlieu, slnguyenlieu) VALUES ('25', '23', '0.10') ON CONFLICT DO NOTHING;
INSERT INTO public.congthuc (masanpham, manguyenlieu, slnguyenlieu) VALUES ('25', '6', '0.05') ON CONFLICT DO NOTHING;
INSERT INTO public.congthuc (masanpham, manguyenlieu, slnguyenlieu) VALUES ('25', '27', '0.01') ON CONFLICT DO NOTHING;
INSERT INTO public.congthuc (masanpham, manguyenlieu, slnguyenlieu) VALUES ('4', '15', '0.20') ON CONFLICT DO NOTHING;
INSERT INTO public.congthuc (masanpham, manguyenlieu, slnguyenlieu) VALUES ('4', '37', '0.05') ON CONFLICT DO NOTHING;
INSERT INTO public.congthuc (masanpham, manguyenlieu, slnguyenlieu) VALUES ('7', '40', '0.02') ON CONFLICT DO NOTHING;
INSERT INTO public.congthuc (masanpham, manguyenlieu, slnguyenlieu) VALUES ('7', '31', '0.03') ON CONFLICT DO NOTHING;
INSERT INTO public.congthuc (masanpham, manguyenlieu, slnguyenlieu) VALUES ('7', '30', '0.05') ON CONFLICT DO NOTHING;
INSERT INTO public.congthuc (masanpham, manguyenlieu, slnguyenlieu) VALUES ('8', '41', '0.02') ON CONFLICT DO NOTHING;
INSERT INTO public.congthuc (masanpham, manguyenlieu, slnguyenlieu) VALUES ('8', '31', '0.03') ON CONFLICT DO NOTHING;
INSERT INTO public.congthuc (masanpham, manguyenlieu, slnguyenlieu) VALUES ('8', '30', '0.05') ON CONFLICT DO NOTHING;
INSERT INTO public.congthuc (masanpham, manguyenlieu, slnguyenlieu) VALUES ('11', '24', '0.30') ON CONFLICT DO NOTHING;
INSERT INTO public.congthuc (masanpham, manguyenlieu, slnguyenlieu) VALUES ('12', '8', '0.35') ON CONFLICT DO NOTHING;
INSERT INTO public.congthuc (masanpham, manguyenlieu, slnguyenlieu) VALUES ('12', '39', '0.10') ON CONFLICT DO NOTHING;
INSERT INTO public.congthuc (masanpham, manguyenlieu, slnguyenlieu) VALUES ('12', '36', '0.05') ON CONFLICT DO NOTHING;
INSERT INTO public.congthuc (masanpham, manguyenlieu, slnguyenlieu) VALUES ('13', '25', '0.25') ON CONFLICT DO NOTHING;
INSERT INTO public.congthuc (masanpham, manguyenlieu, slnguyenlieu) VALUES ('13', '30', '0.05') ON CONFLICT DO NOTHING;
INSERT INTO public.congthuc (masanpham, manguyenlieu, slnguyenlieu) VALUES ('13', '2', '0.10') ON CONFLICT DO NOTHING;
INSERT INTO public.congthuc (masanpham, manguyenlieu, slnguyenlieu) VALUES ('14', '15', '0.25') ON CONFLICT DO NOTHING;
INSERT INTO public.congthuc (masanpham, manguyenlieu, slnguyenlieu) VALUES ('14', '38', '0.05') ON CONFLICT DO NOTHING;
INSERT INTO public.congthuc (masanpham, manguyenlieu, slnguyenlieu) VALUES ('15', '41', '0.01') ON CONFLICT DO NOTHING;
INSERT INTO public.congthuc (masanpham, manguyenlieu, slnguyenlieu) VALUES ('15', '43', '0.10') ON CONFLICT DO NOTHING;
INSERT INTO public.congthuc (masanpham, manguyenlieu, slnguyenlieu) VALUES ('15', '24', '0.05') ON CONFLICT DO NOTHING;
INSERT INTO public.congthuc (masanpham, manguyenlieu, slnguyenlieu) VALUES ('16', '9', '0.15') ON CONFLICT DO NOTHING;
INSERT INTO public.congthuc (masanpham, manguyenlieu, slnguyenlieu) VALUES ('16', '19', '0.10') ON CONFLICT DO NOTHING;
INSERT INTO public.congthuc (masanpham, manguyenlieu, slnguyenlieu) VALUES ('16', '20', '0.05') ON CONFLICT DO NOTHING;
INSERT INTO public.congthuc (masanpham, manguyenlieu, slnguyenlieu) VALUES ('17', '32', '0.10') ON CONFLICT DO NOTHING;
INSERT INTO public.congthuc (masanpham, manguyenlieu, slnguyenlieu) VALUES ('17', '2', '0.10') ON CONFLICT DO NOTHING;
INSERT INTO public.congthuc (masanpham, manguyenlieu, slnguyenlieu) VALUES ('17', '45', '0.01') ON CONFLICT DO NOTHING;
INSERT INTO public.congthuc (masanpham, manguyenlieu, slnguyenlieu) VALUES ('17', '46', '0.02') ON CONFLICT DO NOTHING;
INSERT INTO public.congthuc (masanpham, manguyenlieu, slnguyenlieu) VALUES ('18', '2', '0.20') ON CONFLICT DO NOTHING;
INSERT INTO public.congthuc (masanpham, manguyenlieu, slnguyenlieu) VALUES ('18', '30', '0.05') ON CONFLICT DO NOTHING;
INSERT INTO public.congthuc (masanpham, manguyenlieu, slnguyenlieu) VALUES ('20', '33', '1.00') ON CONFLICT DO NOTHING;
INSERT INTO public.congthuc (masanpham, manguyenlieu, slnguyenlieu) VALUES ('20', '45', '0.01') ON CONFLICT DO NOTHING;
INSERT INTO public.congthuc (masanpham, manguyenlieu, slnguyenlieu) VALUES ('21', '25', '0.20') ON CONFLICT DO NOTHING;
INSERT INTO public.congthuc (masanpham, manguyenlieu, slnguyenlieu) VALUES ('21', '34', '1.00') ON CONFLICT DO NOTHING;
INSERT INTO public.congthuc (masanpham, manguyenlieu, slnguyenlieu) VALUES ('21', '30', '0.02') ON CONFLICT DO NOTHING;
INSERT INTO public.congthuc (masanpham, manguyenlieu, slnguyenlieu) VALUES ('23', '18', '0.20') ON CONFLICT DO NOTHING;
INSERT INTO public.congthuc (masanpham, manguyenlieu, slnguyenlieu) VALUES ('23', '6', '0.10') ON CONFLICT DO NOTHING;
INSERT INTO public.congthuc (masanpham, manguyenlieu, slnguyenlieu) VALUES ('23', '7', '0.30') ON CONFLICT DO NOTHING;
INSERT INTO public.congthuc (masanpham, manguyenlieu, slnguyenlieu) VALUES ('24', '30', '0.01') ON CONFLICT DO NOTHING;

-- listimage
INSERT INTO public.listimage (id_anh, masanpham, url_anh) VALUES ('2', '1', 'trasua2.png') ON CONFLICT DO NOTHING;
INSERT INTO public.listimage (id_anh, masanpham, url_anh) VALUES ('1', '1', 'trasua1.jpg') ON CONFLICT DO NOTHING;
INSERT INTO public.listimage (id_anh, masanpham, url_anh) VALUES ('16', '1', 'trasua3.jpg') ON CONFLICT DO NOTHING;
INSERT INTO public.listimage (id_anh, masanpham, url_anh) VALUES ('21', '1', 'trasua4.jpg') ON CONFLICT DO NOTHING;
INSERT INTO public.listimage (id_anh, masanpham, url_anh) VALUES ('22', '1', 'trasua5.jpg') ON CONFLICT DO NOTHING;
INSERT INTO public.listimage (id_anh, masanpham, url_anh) VALUES ('43', '7', 'tra-sua-thai-xanh-5.png') ON CONFLICT DO NOTHING;
INSERT INTO public.listimage (id_anh, masanpham, url_anh) VALUES ('59', '11', 'nuoc-ep-cam-5.png') ON CONFLICT DO NOTHING;
INSERT INTO public.listimage (id_anh, masanpham, url_anh) VALUES ('99', '20', 'sua-chua-5.png') ON CONFLICT DO NOTHING;
INSERT INTO public.listimage (id_anh, masanpham, url_anh) VALUES ('107', '22', 'pho-bo-nd-3.png') ON CONFLICT DO NOTHING;
INSERT INTO public.listimage (id_anh, masanpham, url_anh) VALUES ('3', '3', 'burger1.jpg') ON CONFLICT DO NOTHING;
INSERT INTO public.listimage (id_anh, masanpham, url_anh) VALUES ('17', '3', 'burger2.jpg') ON CONFLICT DO NOTHING;
INSERT INTO public.listimage (id_anh, masanpham, url_anh) VALUES ('18', '3', 'burger3.jpg') ON CONFLICT DO NOTHING;
INSERT INTO public.listimage (id_anh, masanpham, url_anh) VALUES ('26', '3', 'burger4.jpg') ON CONFLICT DO NOTHING;
INSERT INTO public.listimage (id_anh, masanpham, url_anh) VALUES ('27', '3', 'burger5.jpg') ON CONFLICT DO NOTHING;
INSERT INTO public.listimage (id_anh, masanpham, url_anh) VALUES ('5', '7', 'tra-sua-thai-xanh-1.jpg') ON CONFLICT DO NOTHING;
INSERT INTO public.listimage (id_anh, masanpham, url_anh) VALUES ('6', '7', 'tra-sua-thai-xanh-2.jpg') ON CONFLICT DO NOTHING;
INSERT INTO public.listimage (id_anh, masanpham, url_anh) VALUES ('41', '7', 'tra-sua-thai-xanh-3.jpg') ON CONFLICT DO NOTHING;
INSERT INTO public.listimage (id_anh, masanpham, url_anh) VALUES ('42', '7', 'tra-sua-thai-xanh-4.jpg') ON CONFLICT DO NOTHING;
INSERT INTO public.listimage (id_anh, masanpham, url_anh) VALUES ('7', '8', 'hong-tra-sua-1.jpg') ON CONFLICT DO NOTHING;
INSERT INTO public.listimage (id_anh, masanpham, url_anh) VALUES ('44', '8', 'hong-tra-sua-2.jpg') ON CONFLICT DO NOTHING;
INSERT INTO public.listimage (id_anh, masanpham, url_anh) VALUES ('45', '8', 'hong-tra-sua-3.jpg') ON CONFLICT DO NOTHING;
INSERT INTO public.listimage (id_anh, masanpham, url_anh) VALUES ('46', '8', 'hong-tra-sua-4.jpg') ON CONFLICT DO NOTHING;
INSERT INTO public.listimage (id_anh, masanpham, url_anh) VALUES ('47', '8', 'hong-tra-sua-5.jpg') ON CONFLICT DO NOTHING;
INSERT INTO public.listimage (id_anh, masanpham, url_anh) VALUES ('10', '11', 'nuoc-ep-cam-1.jpg') ON CONFLICT DO NOTHING;
INSERT INTO public.listimage (id_anh, masanpham, url_anh) VALUES ('56', '11', 'nuoc-ep-cam-2.jpg') ON CONFLICT DO NOTHING;
INSERT INTO public.listimage (id_anh, masanpham, url_anh) VALUES ('57', '11', 'nuoc-ep-cam-3.jpg') ON CONFLICT DO NOTHING;
INSERT INTO public.listimage (id_anh, masanpham, url_anh) VALUES ('58', '11', 'nuoc-ep-cam-4.jpg') ON CONFLICT DO NOTHING;
INSERT INTO public.listimage (id_anh, masanpham, url_anh) VALUES ('8', '9', 'pizza-hai-san-1.jpg') ON CONFLICT DO NOTHING;
INSERT INTO public.listimage (id_anh, masanpham, url_anh) VALUES ('48', '9', 'pizza-hai-san-2.jpg') ON CONFLICT DO NOTHING;
INSERT INTO public.listimage (id_anh, masanpham, url_anh) VALUES ('49', '9', 'pizza-hai-san-3.jpg') ON CONFLICT DO NOTHING;
INSERT INTO public.listimage (id_anh, masanpham, url_anh) VALUES ('50', '9', 'pizza-hai-san-4.jpg') ON CONFLICT DO NOTHING;
INSERT INTO public.listimage (id_anh, masanpham, url_anh) VALUES ('51', '9', 'pizza-hai-san-5.jpg') ON CONFLICT DO NOTHING;
INSERT INTO public.listimage (id_anh, masanpham, url_anh) VALUES ('9', '10', 'mi-y-bo-bam-1.jpg') ON CONFLICT DO NOTHING;
INSERT INTO public.listimage (id_anh, masanpham, url_anh) VALUES ('52', '10', 'mi-y-bo-bam-2.jpg') ON CONFLICT DO NOTHING;
INSERT INTO public.listimage (id_anh, masanpham, url_anh) VALUES ('53', '10', 'mi-y-bo-bam-3.jpg') ON CONFLICT DO NOTHING;
INSERT INTO public.listimage (id_anh, masanpham, url_anh) VALUES ('54', '10', 'mi-y-bo-bam-4.jpg') ON CONFLICT DO NOTHING;
INSERT INTO public.listimage (id_anh, masanpham, url_anh) VALUES ('55', '10', 'mi-y-bo-bam-5.jpg') ON CONFLICT DO NOTHING;
INSERT INTO public.listimage (id_anh, masanpham, url_anh) VALUES ('11', '12', 'ga-sot-cay-1.png') ON CONFLICT DO NOTHING;
INSERT INTO public.listimage (id_anh, masanpham, url_anh) VALUES ('60', '12', 'ga-sot-cay-2.jpg') ON CONFLICT DO NOTHING;
INSERT INTO public.listimage (id_anh, masanpham, url_anh) VALUES ('61', '12', 'ga-sot-cay-3.jpg') ON CONFLICT DO NOTHING;
INSERT INTO public.listimage (id_anh, masanpham, url_anh) VALUES ('62', '12', 'ga-sot-cay-4.jpg') ON CONFLICT DO NOTHING;
INSERT INTO public.listimage (id_anh, masanpham, url_anh) VALUES ('63', '12', 'ga-sot-cay-5.jpg') ON CONFLICT DO NOTHING;
INSERT INTO public.listimage (id_anh, masanpham, url_anh) VALUES ('12', '13', 'sinh-to-bo-1.jpg') ON CONFLICT DO NOTHING;
INSERT INTO public.listimage (id_anh, masanpham, url_anh) VALUES ('64', '13', 'sinh-to-bo-2.jpg') ON CONFLICT DO NOTHING;
INSERT INTO public.listimage (id_anh, masanpham, url_anh) VALUES ('65', '13', 'sinh-to-bo-3.jpg') ON CONFLICT DO NOTHING;
INSERT INTO public.listimage (id_anh, masanpham, url_anh) VALUES ('66', '13', 'sinh-to-bo-4.jpg') ON CONFLICT DO NOTHING;
INSERT INTO public.listimage (id_anh, masanpham, url_anh) VALUES ('67', '13', 'sinh-to-bo-5.jpg') ON CONFLICT DO NOTHING;
INSERT INTO public.listimage (id_anh, masanpham, url_anh) VALUES ('13', '14', 'khoai-tay-mui-cau-1.jpg') ON CONFLICT DO NOTHING;
INSERT INTO public.listimage (id_anh, masanpham, url_anh) VALUES ('68', '14', 'khoai-tay-mui-cau-2.jpg') ON CONFLICT DO NOTHING;
INSERT INTO public.listimage (id_anh, masanpham, url_anh) VALUES ('69', '14', 'khoai-tay-mui-cau-3.jpg') ON CONFLICT DO NOTHING;
INSERT INTO public.listimage (id_anh, masanpham, url_anh) VALUES ('70', '14', 'khoai-tay-mui-cau-4.jpg') ON CONFLICT DO NOTHING;
INSERT INTO public.listimage (id_anh, masanpham, url_anh) VALUES ('71', '14', 'khoai-tay-mui-cau-5.jpg') ON CONFLICT DO NOTHING;
INSERT INTO public.listimage (id_anh, masanpham, url_anh) VALUES ('14', '15', 'tra-dao-cam-sa-1.jpg') ON CONFLICT DO NOTHING;
INSERT INTO public.listimage (id_anh, masanpham, url_anh) VALUES ('72', '15', 'tra-dao-cam-sa-2.jpg') ON CONFLICT DO NOTHING;
INSERT INTO public.listimage (id_anh, masanpham, url_anh) VALUES ('73', '15', 'tra-dao-cam-sa-3.jpg') ON CONFLICT DO NOTHING;
INSERT INTO public.listimage (id_anh, masanpham, url_anh) VALUES ('74', '15', 'tra-dao-cam-sa-4.jpg') ON CONFLICT DO NOTHING;
INSERT INTO public.listimage (id_anh, masanpham, url_anh) VALUES ('75', '15', 'tra-dao-cam-sa-5.jpg') ON CONFLICT DO NOTHING;
INSERT INTO public.listimage (id_anh, masanpham, url_anh) VALUES ('15', '16', 'salad-uc-ga-1.jpg') ON CONFLICT DO NOTHING;
INSERT INTO public.listimage (id_anh, masanpham, url_anh) VALUES ('76', '16', 'salad-uc-ga-2.jpg') ON CONFLICT DO NOTHING;
INSERT INTO public.listimage (id_anh, masanpham, url_anh) VALUES ('77', '16', 'salad-uc-ga-3.jpg') ON CONFLICT DO NOTHING;
INSERT INTO public.listimage (id_anh, masanpham, url_anh) VALUES ('78', '16', 'salad-uc-ga-4.jpg') ON CONFLICT DO NOTHING;
INSERT INTO public.listimage (id_anh, masanpham, url_anh) VALUES ('79', '16', 'salad-uc-ga-5.jpg') ON CONFLICT DO NOTHING;
INSERT INTO public.listimage (id_anh, masanpham, url_anh) VALUES ('80', '17', 'che-kb-1.jpg') ON CONFLICT DO NOTHING;
INSERT INTO public.listimage (id_anh, masanpham, url_anh) VALUES ('81', '17', 'che-kb-2.jpg') ON CONFLICT DO NOTHING;
INSERT INTO public.listimage (id_anh, masanpham, url_anh) VALUES ('82', '17', 'che-kb-3.jpg') ON CONFLICT DO NOTHING;
INSERT INTO public.listimage (id_anh, masanpham, url_anh) VALUES ('83', '17', 'che-kb-4.jpg') ON CONFLICT DO NOTHING;
INSERT INTO public.listimage (id_anh, masanpham, url_anh) VALUES ('84', '17', 'che-kb-5.jpg') ON CONFLICT DO NOTHING;
INSERT INTO public.listimage (id_anh, masanpham, url_anh) VALUES ('85', '18', 'banh-flan-1.jpg') ON CONFLICT DO NOTHING;
INSERT INTO public.listimage (id_anh, masanpham, url_anh) VALUES ('86', '18', 'banh-flan-2.jpg') ON CONFLICT DO NOTHING;
INSERT INTO public.listimage (id_anh, masanpham, url_anh) VALUES ('87', '18', 'banh-flan-3.jpg') ON CONFLICT DO NOTHING;
INSERT INTO public.listimage (id_anh, masanpham, url_anh) VALUES ('88', '18', 'banh-flan-4.jpg') ON CONFLICT DO NOTHING;
INSERT INTO public.listimage (id_anh, masanpham, url_anh) VALUES ('89', '18', 'banh-flan-5.jpg') ON CONFLICT DO NOTHING;
INSERT INTO public.listimage (id_anh, masanpham, url_anh) VALUES ('95', '20', 'sua-chua-1.jpg') ON CONFLICT DO NOTHING;
INSERT INTO public.listimage (id_anh, masanpham, url_anh) VALUES ('96', '20', 'sua-chua-2.jpg') ON CONFLICT DO NOTHING;
INSERT INTO public.listimage (id_anh, masanpham, url_anh) VALUES ('97', '20', 'sua-chua-3.jpg') ON CONFLICT DO NOTHING;
INSERT INTO public.listimage (id_anh, masanpham, url_anh) VALUES ('98', '20', 'sua-chua-4.jpg') ON CONFLICT DO NOTHING;
INSERT INTO public.listimage (id_anh, masanpham, url_anh) VALUES ('100', '21', 'kem-bo-1.jpg') ON CONFLICT DO NOTHING;
INSERT INTO public.listimage (id_anh, masanpham, url_anh) VALUES ('101', '21', 'kem-bo-2.jpg') ON CONFLICT DO NOTHING;
INSERT INTO public.listimage (id_anh, masanpham, url_anh) VALUES ('102', '21', 'kem-bo-3.jpg') ON CONFLICT DO NOTHING;
INSERT INTO public.listimage (id_anh, masanpham, url_anh) VALUES ('103', '21', 'kem-bo-4.jpg') ON CONFLICT DO NOTHING;
INSERT INTO public.listimage (id_anh, masanpham, url_anh) VALUES ('104', '21', 'kem-bo-5.jpg') ON CONFLICT DO NOTHING;
INSERT INTO public.listimage (id_anh, masanpham, url_anh) VALUES ('105', '22', 'pho-bo-nd-1.jpg') ON CONFLICT DO NOTHING;
INSERT INTO public.listimage (id_anh, masanpham, url_anh) VALUES ('106', '22', 'pho-bo-nd-2.jpg') ON CONFLICT DO NOTHING;
INSERT INTO public.listimage (id_anh, masanpham, url_anh) VALUES ('108', '22', 'pho-bo-nd-4.jpg') ON CONFLICT DO NOTHING;
INSERT INTO public.listimage (id_anh, masanpham, url_anh) VALUES ('109', '22', 'pho-bo-nd-5.jpg') ON CONFLICT DO NOTHING;
INSERT INTO public.listimage (id_anh, masanpham, url_anh) VALUES ('110', '23', 'pho-bo-ltt-1.jpg') ON CONFLICT DO NOTHING;
INSERT INTO public.listimage (id_anh, masanpham, url_anh) VALUES ('166', '25', '45495899-e5fc-4c3d-bf28-5ca950654838.jpg') ON CONFLICT DO NOTHING;
INSERT INTO public.listimage (id_anh, masanpham, url_anh) VALUES ('113', '23', 'pho-bo-ltt-4.jpg') ON CONFLICT DO NOTHING;
INSERT INTO public.listimage (id_anh, masanpham, url_anh) VALUES ('114', '23', 'pho-bo-ltt-5.jpg') ON CONFLICT DO NOTHING;
INSERT INTO public.listimage (id_anh, masanpham, url_anh) VALUES ('111', '23', 'pho-bo-ltt-3.jpg') ON CONFLICT DO NOTHING;
INSERT INTO public.listimage (id_anh, masanpham, url_anh) VALUES ('167', '25', '2e824b2a-87a8-40c2-9728-a9af7696df77.jpg') ON CONFLICT DO NOTHING;
INSERT INTO public.listimage (id_anh, masanpham, url_anh) VALUES ('112', '23', 'pho-bo-ltt-2.jpg') ON CONFLICT DO NOTHING;
INSERT INTO public.listimage (id_anh, masanpham, url_anh) VALUES ('32', '5', 'ga-ran-2.jpg') ON CONFLICT DO NOTHING;
INSERT INTO public.listimage (id_anh, masanpham, url_anh) VALUES ('33', '5', 'ga-ran-3.jpg') ON CONFLICT DO NOTHING;
INSERT INTO public.listimage (id_anh, masanpham, url_anh) VALUES ('34', '5', 'ga-ran-4.jpg') ON CONFLICT DO NOTHING;
INSERT INTO public.listimage (id_anh, masanpham, url_anh) VALUES ('35', '5', 'ga-ran-5.jpg') ON CONFLICT DO NOTHING;
INSERT INTO public.listimage (id_anh, masanpham, url_anh) VALUES ('168', '25', 'd54708b9-cc5b-408c-b7eb-ee34978cfa24.jpg') ON CONFLICT DO NOTHING;
INSERT INTO public.listimage (id_anh, masanpham, url_anh) VALUES ('169', '25', '8aef3bd6-03a8-49a4-b254-0ae4028e25a9.jpg') ON CONFLICT DO NOTHING;
INSERT INTO public.listimage (id_anh, masanpham, url_anh) VALUES ('170', '25', 'f7464487-f82c-4a11-ba6b-8f00a68e008b.jpg') ON CONFLICT DO NOTHING;
INSERT INTO public.listimage (id_anh, masanpham, url_anh) VALUES ('115', NULL, 'trasua2.png') ON CONFLICT DO NOTHING;
INSERT INTO public.listimage (id_anh, masanpham, url_anh) VALUES ('116', NULL, 'trasua1.jpg') ON CONFLICT DO NOTHING;
INSERT INTO public.listimage (id_anh, masanpham, url_anh) VALUES ('117', NULL, 'trasua3.jpg') ON CONFLICT DO NOTHING;
INSERT INTO public.listimage (id_anh, masanpham, url_anh) VALUES ('118', NULL, 'trasua4.jpg') ON CONFLICT DO NOTHING;
INSERT INTO public.listimage (id_anh, masanpham, url_anh) VALUES ('119', NULL, 'trasua2.png') ON CONFLICT DO NOTHING;
INSERT INTO public.listimage (id_anh, masanpham, url_anh) VALUES ('120', NULL, 'trasua1.jpg') ON CONFLICT DO NOTHING;
INSERT INTO public.listimage (id_anh, masanpham, url_anh) VALUES ('121', NULL, 'trasua3.jpg') ON CONFLICT DO NOTHING;
INSERT INTO public.listimage (id_anh, masanpham, url_anh) VALUES ('122', NULL, 'trasua4.jpg') ON CONFLICT DO NOTHING;
INSERT INTO public.listimage (id_anh, masanpham, url_anh) VALUES ('156', '24', '52c5bf3b-6ceb-41c0-a643-789de402f1cd.jpg') ON CONFLICT DO NOTHING;
INSERT INTO public.listimage (id_anh, masanpham, url_anh) VALUES ('157', '24', '6872cd06-df22-49cd-81a9-4083bbf066fe.jpg') ON CONFLICT DO NOTHING;
INSERT INTO public.listimage (id_anh, masanpham, url_anh) VALUES ('158', '24', '026ccbb6-2274-4f1d-b34f-46b14ddda5cd.jpg') ON CONFLICT DO NOTHING;
INSERT INTO public.listimage (id_anh, masanpham, url_anh) VALUES ('159', '24', '4422ceca-7758-4760-bb54-5bc3a4666074.jpg') ON CONFLICT DO NOTHING;
INSERT INTO public.listimage (id_anh, masanpham, url_anh) VALUES ('160', '24', '5e4c251f-b3fa-4259-b665-0ffa0c88846f.jpg') ON CONFLICT DO NOTHING;
INSERT INTO public.listimage (id_anh, masanpham, url_anh) VALUES ('161', '4', 'khoai2.jpg') ON CONFLICT DO NOTHING;
INSERT INTO public.listimage (id_anh, masanpham, url_anh) VALUES ('162', '4', 'khoai3.jpg') ON CONFLICT DO NOTHING;
INSERT INTO public.listimage (id_anh, masanpham, url_anh) VALUES ('163', '4', 'khoai1.jpg') ON CONFLICT DO NOTHING;
INSERT INTO public.listimage (id_anh, masanpham, url_anh) VALUES ('164', '4', 'khoai4.jpg') ON CONFLICT DO NOTHING;
INSERT INTO public.listimage (id_anh, masanpham, url_anh) VALUES ('165', '4', 'khoai5.jpg') ON CONFLICT DO NOTHING;

-- khuyenmai
INSERT INTO public.khuyenmai (id_khuyenmai, masanpham, makhuyenmai, giatri, ngaybatdau, ngayketthuc, trangthai) VALUES ('1', '1', '101', '5000', '2025-01-01', '2025-12-31', 'Đang áp dụng') ON CONFLICT DO NOTHING;
INSERT INTO public.khuyenmai (id_khuyenmai, masanpham, makhuyenmai, giatri, ngaybatdau, ngayketthuc, trangthai) VALUES ('2', '3', '102', '8000', '2025-01-01', '2025-06-30', 'Đang áp dụng') ON CONFLICT DO NOTHING;

-- phieunhapkho
INSERT INTO public.phieunhapkho (maphieunhap, id_restaurant, nhacungcap, manhanvien, ngaynhap, tongtien, ghichu, mapieunhap) VALUES ('1', '1', 'Nhà cung cấp A', '1', '2025-12-16 00:00:00+07', '2358000.0000', 'Nhập nguyên liệu pha chế', '1') ON CONFLICT DO NOTHING;
INSERT INTO public.phieunhapkho (maphieunhap, id_restaurant, nhacungcap, manhanvien, ngaynhap, tongtien, ghichu, mapieunhap) VALUES ('2', '1', 'Nhà cung cấp B', '4', '2025-12-16 00:00:00+07', '5550000.0000', 'Nhập nguyên liệu bếp', '2') ON CONFLICT DO NOTHING;

-- chitietphieunhap
INSERT INTO public.chitietphieunhap (maphieunhap, manguyenlieu, soluongnhap, gianhap, ngayhethan) VALUES ('1', '1', '5.0000', '80000.0000', '2026-12-01') ON CONFLICT DO NOTHING;
INSERT INTO public.chitietphieunhap (maphieunhap, manguyenlieu, soluongnhap, gianhap, ngayhethan) VALUES ('1', '2', '20.0000', '30000.0000', '2026-03-01') ON CONFLICT DO NOTHING;
INSERT INTO public.chitietphieunhap (maphieunhap, manguyenlieu, soluongnhap, gianhap, ngayhethan) VALUES ('1', '30', '12.0000', '24000.0000', '2027-01-01') ON CONFLICT DO NOTHING;
INSERT INTO public.chitietphieunhap (maphieunhap, manguyenlieu, soluongnhap, gianhap, ngayhethan) VALUES ('1', '42', '10.0000', '35000.0000', '2026-06-01') ON CONFLICT DO NOTHING;
INSERT INTO public.chitietphieunhap (maphieunhap, manguyenlieu, soluongnhap, gianhap, ngayhethan) VALUES ('1', '43', '12.0000', '60000.0000', '2027-05-01') ON CONFLICT DO NOTHING;
INSERT INTO public.chitietphieunhap (maphieunhap, manguyenlieu, soluongnhap, gianhap, ngayhethan) VALUES ('2', '4', '10.0000', '250000.0000', '2026-02-15') ON CONFLICT DO NOTHING;
INSERT INTO public.chitietphieunhap (maphieunhap, manguyenlieu, soluongnhap, gianhap, ngayhethan) VALUES ('2', '8', '15.0000', '60000.0000', '2026-02-15') ON CONFLICT DO NOTHING;
INSERT INTO public.chitietphieunhap (maphieunhap, manguyenlieu, soluongnhap, gianhap, ngayhethan) VALUES ('2', '17', '50.0000', '22000.0000', '2026-12-31') ON CONFLICT DO NOTHING;
INSERT INTO public.chitietphieunhap (maphieunhap, manguyenlieu, soluongnhap, gianhap, ngayhethan) VALUES ('2', '19', '5.0000', '20000.0000', '2026-02-10') ON CONFLICT DO NOTHING;
INSERT INTO public.chitietphieunhap (maphieunhap, manguyenlieu, soluongnhap, gianhap, ngayhethan) VALUES ('2', '28', '5.0000', '190000.0000', '2026-08-01') ON CONFLICT DO NOTHING;

SELECT setval('public.listimage_id_anh_seq', COALESCE((SELECT MAX(id_anh) FROM public.listimage),1));